standard_smiles,single-class-label
CNC(=O)Oc1cccc(CN(C)CCCOc2ccc3c(=O)c4cccnc4oc3c2)c1,1
c1ccc2c(NCCCCCCCNc3c4c(nc5ccccc35)CCCC4)c3c(nc2c1)CCCC3,1
CNC(=O)Oc1cccc(CN(C)CCCOc2ccc3c(=O)c4ccccc4oc3c2)c1,1
CCN(CCCOc1ccc2c(=O)c3ccccc3oc2c1)Cc1cccc(OC(=O)NC)c1,1
CNC(=O)Oc1cccc(CN(C)CCCOc2ccc3c(=O)cc(-c4ccccc4)oc3c2)c1,1
c1ccc2c(NCCCCCCCCNc3c4c(nc5ccccc35)CCCC4)c3c(nc2c1)CCCC3,1
CNC(=O)Oc1ccc2c(c1)[C@]1(C)CCN(C)[C@@H]1N2C,1
c1ccc2c(NCCCCCCCCCNc3c4c(nc5ccccc35)CCCC4)c3c(nc2c1)CCCC3,1
CNC(=O)Oc1cccc(CN(C)CCCCCOc2ccc3c(=O)c4ccccc4oc3c2)c1,1
c1ccc2c(NCCCCCCNc3c4c(nc5ccccc35)CCCC4)c3c(nc2c1)CCCC3,1
NCCCCCCCCNc1c2c(nc3ccccc13)CCCC2,1
CNC(=O)Oc1cccc(CN(C)CCCOc2ccc3ccc(=O)oc3c2)c1,1
COc1cc2c(cc1OC)C(=O)C(CC1CCN(Cc3ccccc3)CC1)C2,1
CCCCCCCNC(=O)Oc1cccc(CN(C)CCCOc2ccc3ccc(=O)oc3c2)c1,1
CN(CCCOc1ccc2c(=O)c3ccccc3oc2c1)Cc1cccc(OC(=O)Nc2ccccc2)c1,1
O=C(CNc1c2c(nc3ccccc13)CCCC2)NCCC1CCN(Cc2ccccc2)CC1,1
CC1=C[C@@H]2Cc3nc4cc(F)ccc4c(N)c3[C@H](C1)C2,1
O=c1ccc2c([nH]1)CCCC2NCCCCCCCCCCNc1c2c(nc3ccccc13)CCCC2,1
CCCCNC(=O)Oc1cccc(CN(C)CCCOc2ccc3c(=O)c4cccnc4oc3c2)c1,1
CCCCCCCNC(=O)Oc1ccc2c(c1)[C@]1(C)CCN(C)[C@@H]1N2C,1
CN1CCc2cc(C(=O)CCC3CCN(Cc4ccccc4)CC3)ccc21,1
CCN1CCc2cc(C(=O)CCC3CCN(Cc4ccccc4)CC3)ccc21,1
O=C(NC(=S)NCCC1CCN(Cc2ccccc2)CC1)c1ccccc1,1
CCNC(=O)Oc1cccc(CN(C)CCCOc2ccc3c(=O)c4ccccc4oc3c2)c1,1
O=C(CCC1CCN(Cc2ccccc2)CC1)c1ccc2c(c1)CCN2,1
CCCN1CCc2cc(C(=O)CCC3CCN(Cc4ccccc4)CC3)ccc21,1
c1ccc2c(NCCCCCNc3c4c(nc5ccccc35)CCCC4)c3c(nc2c1)CCCC3,1
CC1=CC2Cc3nc4cc(Cl)ccc4c(N)c3C(C1)C2,1
CCN(CC)Cc1ccc(/C=C2\Cc3cc(OC)c(OC)cc3C2=O)cc1,1
CN(C)C(=O)Oc1cccc([N+](C)(C)C)c1,1
C/C=C1\[C@H]2C=C(C)C[C@@]1(N)c1ccc(=O)[nH]c1C2,1
COc1cc2c(cc1OC)C(=O)/C(=C/c1ccc(CN3CCCC3)cc1)C2,1
Nc1c2c(nc3ccccc13)CCCC2,1
COc1cc2c(cc1OC)C(=O)C(Oc1ccc(CN3CCCC3)cc1)C2,1
O=C(CCC1CCN(Cc2ccccc2)CC1)c1ccc2c(c1)CCN2Cc1ccccc1,1
CN1CCCCc2ccc(C(=O)CCC3CCN(Cc4ccccc4)CC3)cc21,1
C/C=C1\[C@H]2C=C(C)C[C@]1(N)c1ccc(=O)[nH]c1C2,1
O=C(CCC1CCN(Cc2ccccc2)CC1)c1ccc2c(c1)NCCCC2,1
CCN(CC)Cc1ccc(OC2Cc3cc(OC)c(OC)cc3C2=O)cc1,1
COc1cc2c(cc1OC)C(=O)/C(=C/c1ccc(CN3CCCCC3)cc1)C2,1
CC1=C[C@H]2Cc3[nH]c(=O)ccc3[C@@]3(C1)[C@@H]2CCCN3C(=O)CN1CCCN(CC(=O)N2CCC[C@@H]3[C@H]4C=C(C)C[C@]32c2ccc(=O)[nH]c2C4)CC1,1
COc1cc2c(cc1OC)C(=O)C(Cc1ccc(CN3CCCCC3)cc1)C2,1
COc1cc2c(cc1OC)C(=O)C(Oc1ccc(C(C)N3CCCCC3)cc1)C2,1
COc1cc2c(cc1OC)C(=O)C(Oc1ccc(C(C)N3CCCC3)cc1)C2,1
COc1cc2c(cc1OC)C(=O)C(Oc1ccc(C(C)N(C)C)cc1)C2,1
COc1cc2c(cc1OC)C(=O)C(Oc1ccc(CN3CCCCC3)cc1)C2,1
COc1cc2c(cc1OC)C(=O)C(Cc1ccc(CN3CCCC3)cc1)C2,1
COc1cc2c(cc1OC)C(=O)/C(=C/c1cccc(CN3CCCCC3)c1)C2,1
COc1cc2c(cc1OC)C(=O)C(Oc1ccc(CN(C)C)cc1)C2,1
CC1=C[C@H]2Cc3[nH]c(=O)ccc3[C@@]3(C1)[C@@H]2CCCN3CCN1CCCN(CCN2CCC[C@@H]3[C@H]4C=C(C)C[C@]32c2ccc(=O)[nH]c2C4)CC1,1
CCN(CC)C(C)c1ccc(OC2Cc3cc(OC)c(OC)cc3C2=O)cc1,1
COc1cc2c(cc1OC)C(=O)/C(=C/c1cccc(CN3CCCC3)c1)C2,1
CCN(C)Cc1ccc(/C=C2\Cc3cc(OC)c(OC)cc3C2=O)cc1,1
CCN(CC)Cc1ccc(CC2Cc3cc(OC)c(OC)cc3C2=O)cc1,1
Nc1nc2ccccc2nc1NC(=O)c1ccc(CN2CCCCC2)cc1,1
Nc1c2c(nc3ccccc13)-c1ccccc1C2,1
COc1cc2oc(=O)c(C)c(C)c2cc1OCCCN1CCN(c2ccccc2OC)CC1,1
Nc1c2c(nc3ccccc13)CCCC2O,0
CCN1CCCCc2ccc(C(=O)CCC3CCN(Cc4ccccc4)CC3)cc21,1
CCN(C)Cc1ccc(CC2Cc3cc(OC)c(OC)cc3C2=O)cc1,1
COc1cc2c(cc1OC)C(=O)/C(=C/c1ccc(CN(C)C)cc1)C2,1
CCN(CC)Cc1cccc(/C=C2\Cc3cc(OC)c(OC)cc3C2=O)c1,1
CCN(C)Cc1cccc(/C=C2\Cc3cc(OC)c(OC)cc3C2=O)c1,1
COc1ccc2c3c1O[C@H]1C[C@@H](O)C=C[C@@]31CCN(C)C2,0
COc1cc2c(cc1OC)C(=O)C(Cc1cccc(CN3CCCCC3)c1)C2,1
CCN(C)Cc1cccc(CC2Cc3cc(OC)c(OC)cc3C2=O)c1,1
COc1cc2c(cc1OC)C(=O)C(Oc1cccc(C(C)N(C)C)c1)C2,1
C/C=C1\C2Cc3[nH]c(=O)ccc3[C@@]1(N)CC(C)C2,0
COc1cc2c(cc1OC)C(=O)C(Oc1cccc(CN(C)C)c1)C2,0
CC1=C[C@H]2Cc3[nH]c(=O)ccc3[C@@]3(C1)[C@@H]2CCCN3C(=O)CN1CCN(CC(=O)N2CCC[C@@H]3[C@H]4C=C(C)C[C@]32c2ccc(=O)[nH]c2C4)CC1,0
COc1cc2c(cc1OC)C(=O)C(Oc1ccc(CN3CCOCC3)cc1)C2,0
CCCN1CCCCc2ccc(C(=O)CCC3CCN(Cc4ccccc4)CC3)cc21,0
CCN(CC)C(C)c1cccc(OC2Cc3cc(OC)c(OC)cc3C2=O)c1,0
COc1cc2c(cc1OC)C(=O)C(Cc1ccc(CN(C)C)cc1)C2,0
COc1cc2c(cc1OC)C(=O)C(Oc1ccc(CN3CCN(C)CC3)cc1)C2,0
CCN(CC)Cc1cccc(CC2Cc3cc(OC)c(OC)cc3C2=O)c1,0
CCN(C)C(=O)Oc1cccc([C@H](C)N(C)C)c1,0
COc1cc2c(cc1OC)C(=O)C(Oc1cccc(C(C)N3CCCC3)c1)C2,0
COc1cc2c(cc1OC)C(=O)/C(=C/c1cccc(CN(C)C)c1)C2,0
CCN(CC)Cc1cccc(OC2Cc3cc(OC)c(OC)cc3C2=O)c1,0
COc1cc2c(cc1OC)C(=O)C(Cc1cccc(CN3CCCC3)c1)C2,0
COc1cc2c(cc1OC)C(=O)C(Oc1cccc(CN3CCCC3)c1)C2,0
COc1cc2c(cc1OC)C(=O)C(Oc1ccc(C(C)N3CCN(C)CC3)cc1)C2,0
COc1cc2c(cc1OC)C(=O)C(Oc1ccc(C(C)N3CCOCC3)cc1)C2,0
O=C(CCC1CCN(Cc2ccccc2)CC1)c1ccc2c(c1)N(Cc1ccccc1)CCCC2,0
COc1cc2c(cc1OC)C(=O)C(Oc1cccc(CN3CCCCC3)c1)C2,0
COc1cc2c(cc1OC)C(=O)C(Oc1cccc(C(C)N3CCCCC3)c1)C2,0
COc1cc2c(cc1OC)C(=O)C(Cc1cccc(CN(C)C)c1)C2,0
Nc1c2c(nc3ccccc13)-c1ccccc1CC2,0
COc1cc2c(cc1OC)C(=O)C(Oc1cccc(CN3CCN(C)CC3)c1)C2,0
COc1cc2c(cc1OC)C(=O)C(Oc1cccc(CN3CCOCC3)c1)C2,0
COc1cc2c(cc1OC)C(=O)C(Oc1cccc(C(C)N3CCN(C)CC3)c1)C2,0
CC1=C[C@H]2Cc3[nH]c(=O)ccc3[C@]3(C1)NCCC[C@H]23,0
N#Cc1ccc2[nH]cc(CCCCN3CCN(c4ccc5oc(C(N)=O)cc5c4)CC3)c2c1,0
COc1cc2c(cc1OC)C(=O)C(Oc1cccc(C(C)N3CCOCC3)c1)C2,0
BrCCCCCC[n+]1ccccc1,0
CC[N+](C)(CC)CC(=O)CCn1c(O)ccc1O,0
CC[N+](C)(CC)CCc1ccncc1,0
C[n+]1ccccc1CCC(O)CCl,0
CC1C=CN(C)c2c1c1c(n2C)CCC1OCCCl,0
C[N+](C)(C)CCCCl,0
C[n+]1ccccc1CCl,0
C[n+]1ccccc1CCn1c(O)ccc1O,0
CCN(CC)CCc1cccc[n+]1C,0
C[n+]1ccc(CCn2c(O)ccc2O)cc1,0
CCCN(c1ccncc1)n1ccc2ccccc21,0
COc1cc2oc(-c3ccc(O)cc3)cc(=O)c2c(O)c1OC,0
COc1cc2oc(-c3ccc(O)cc3)cc(=O)c2c(OC)c1OC,0
CC[N+](C)(CC)CCc1ccccn1,0
Clc1ccc2c(NCCCCCCCNc3c4c(nc5cc(Cl)ccc35)CCCC4)c3c(nc2c1)CCCC3,1
Clc1ccc2c(NCCCCCCCCNc3c4c(nc5ccccc35)CCCC4)c3c(nc2c1)CCCC3,1
c1ccc2c(NCCCCCCCCNc3c4c(nc5c3CCCC5)CCCC4)c3c(nc2c1)CCCC3,1
Clc1ccc2c(NCCCCCCCCNc3c4c(nc5cc(Cl)ccc35)CCCC4)c3c(nc2c1)CCCC3,1
Clc1ccc2c(NCCCCCCCCCNc3c4c(nc5c3CCCC5)CCCC4)c3c(nc2c1)CCCC3,1
CCN(CCCCCN1C(=O)c2ccc([N+](=O)[O-])cc2C1=O)Cc1cccc(OC(=O)NC)c1,1
C1=CC2N=C3CCCCC3=C(NCCCCCCCNc3c4c(nc5ccccc35)CCCC4)C2C=C1,1
COc1ccc2c3c1O[C@H]1C[C@@H](O)C=C[C@@]31CCN(CCCCCCCCN(C)C13CC4CC(C)(CC(C)(C4)C1)C3)C2,1
Fc1ccc2c(NCCCCCCCNc3c4c(nc5cc(F)ccc35)CCCC4)c3c(nc2c1)CCCC3,1
Clc1ccc2c(NCCCCCCNc3c4c(nc5cc(Cl)ccc35)CCCC4)c3c(nc2c1)CCCC3,1
Fc1ccc2c(NCCCCCCCCNc3c4c(nc5cc(F)ccc35)CCCC4)c3c(nc2c1)CCCC3,1
CNC(=O)Oc1cccc(CN(CCCOc2ccc3c(=O)c4ccccc4oc3c2)C(C)C)c1,1
CCN(CC)CCC(=O)c1ccc(OC2Cc3cc(OC)c(OC)cc3C2=O)cc1,1
Fc1ccc2c(NCCCCCCNc3c4c(nc5cc(F)ccc35)CCCC4)c3c(nc2c1)CCCC3,1
COc1ccc2c3c1O[C@H]1C[C@@H](O)C=C[C@@]31CCN(CCCCCCN(C)C13CC4CC(C)(CC(C)(C4)C1)C3)C2,1
COc1ccc2c3c1O[C@H]1C[C@@H](O)C=C[C@@]31CCN(CCCCCCNC13CC4CC(C)(CC(C)(C4)C1)C3)C2,1
c1cnc2nc3c(c(NCCCCCCCNc4c5c(nc6ncccc46)CCCC5)c2c1)CCCC3,1
COc1ccc2c3c1O[C@H]1C[C@@H](O)C=C[C@@]31CCN(CCCCCCCN(C)C13CC4CC(C)(CC(C)(C4)C1)C3)C2,1
O=C(NC(=S)NCCC1CCN(Cc2ccccc2)CC1)c1cccc([N+](=O)[O-])c1,1
Cc1cccc2c(NCCCCCCCNc3c4c(nc5ccccc35)CCCC4)c3c(nc12)CCCC3,1
CCN(CCCCCCNC1=CC(=O)C(NCCCCCCN(CC)Cc2ccccc2OC)=CC1=O)Cc1ccccc1OC,1
c1ccc2c(NCCCCCCCCNc3c4c(nc5ccccc35)CCCCC4)c3c(nc2c1)CCCCC3,1
COc1ccc2c3c1O[C@H]1C[C@@H](O)C=C[C@@]31CCN(CCCCCCCNC13CC4CC(C)(CC(C)(C4)C1)C3)C2,1
CCN(C)CCC(=O)c1ccc(OC2Cc3cc(OC)c(OC)cc3C2=O)cc1,1
c1cnc2nc3c(c(NCCCCCCCCNc4c5c(nc6ncccc46)CCCC5)c2c1)CCCC3,1
O=C(NC(=S)NCCC1CCN(Cc2ccccc2)CC1)c1ccc2c(c1)C(=O)c1ccccc1C2=O,1
Cc1ccc(N2CCN(CCNCc3ccc(CN4CCCCC4)o3)C2=C(C#N)C#N)cc1,1
COc1ccc2c3c1O[C@H]1C[C@@H](O)C=C[C@@]31CCN(CCCCCCCCCNC13CC4CC(C)(CC(C)(C4)C1)C3)C2,1
c1ccc2c(NCCCCCCNc3c4c(nc5ccccc35)CCCCC4)c3c(nc2c1)CCCCC3,1
O=[N+]([O-])c1ccc(NC(=S)NCCC2CCN(Cc3ccccc3)CC2)nc1,1
c1ccc2c(NCCCCCCCNc3c4c(nc5ccccc35)CCCCC4)c3c(nc2c1)CCCCC3,1
COc1cc2occ(-c3ccc(CN4CCCC4)cc3)c(=O)c2cc1OC,1
CCCN(CCCOc1ccc2c(=O)c3ccccc3oc2c1)Cc1cccc(OC(=O)NC)c1,1
COc1cc2c(cc1OC)C(=O)C(Oc1ccc(C(=O)CCN3CCCC3)cc1)C2,1
CN1CC[C@@]2(C)c3cc(OC(=O)Nc4cccc5ccccc45)ccc3N(C)[C@@H]12,1
COc1ccc2c3c1O[C@H]1C[C@@H](O)C=C[C@@]31CCN(CCCCCNC13CC4CC(C)(CC(C)(C4)C1)C3)C2,1
c1cnc2nc3c(c(NCCCCCCNc4c5c(nc6ncccc46)CCCC5)c2c1)CCCC3,1
CC1=CC2Cc3[nH]c(=O)ccc3[C@@]3(C1)[C@@H]2CCCN3C(=O)CCN(C)CCCCCCCCCCN(C)CCC(=O)N1CCC[C@@H]2C3C=C(C)C[C@]21c1ccc(=O)[nH]c1C3,1
COc1ccc(C(=O)NC(=S)NCCC2CCN(Cc3ccccc3)CC2)cc1OC,1
COc1cc2c(cc1OC)C(=O)C(CC1CCN(Cc3ccccc3)CC1)C2,1
COc1ccc2c3c1O[C@H]1C[C@@H](O)C=C[C@@]31CCN(CCCCCCCCNC13CC4CC(C)(CC(C)(C4)C1)C3)C2,1
COc1ccc2c3c1O[C@H]1C[C@@H](O)C=C[C@@]31CCN(CCCCCCOc1ccc(CN3CCCCC3)cc1)C2,1
Clc1ccc(-c2nc(-c3ccccc3)c(-c3ccccc3)n2CCCCCCCCNc2c3c(nc4ccccc24)CCCC3)cc1,1
COc1cc(-c2cc(=O)c3ccc(OCCN4CCC(C)CC4)cc3o2)cc(OC)c1OC,1
CN(CCOCCNC(=S)NC(=O)c1ccc2c(O)c3ccccc3c(O)c2c1)Cc1ccccc1,1
CS(=O)(=O)c1ccc(C(=O)NC(=S)NCCC2CCN(Cc3ccccc3)CC2)cc1,1
CCN(CCCCCC1Cc2cc(OC)c(OC)cc2C1=O)Cc1ccccc1OC,1
O=C(CNc1c2c(nc3ccccc13)CCCC2)NCCC1CCN(c2ccccc2)CC1,1
COc1cc(-c2cc(=O)c3ccc(OCCCN4CCC(C)CC4)cc3o2)cc(OC)c1OC,1
Cc1c(Cl)cccc1NC(=O)Oc1ccc2c(c1)[C@]1(C)CCN(C)[C@@H]1N2C,1
COc1ccc(-c2cc(=O)c3ccc(OCCCN4CCC(C)CC4)cc3o2)cc1OC,1
COc1ccc2c3c1O[C@H]1C[C@@H](O)C=C[C@@]31CCN(CCCCCOc1ccc(CN3CCCCC3)cc1)C2,1
COc1ccc(-c2cc(=O)c3ccc(OCCN4CCC(C)CC4)cc3o2)cc1OC,1
CN1c2ccccc2C(NCCCCCCC(=O)NCCCNc2c3c(nc4cc(Cl)ccc24)CCCC3)c2ccc(Cl)cc2S1(=O)=O,1
Cc1ccc(NC(=O)Oc2ccc3c(c2)[C@]2(C)CCN(C)[C@@H]2N3C)cc1Cl,1
CC(=O)c1ccc(C(=O)NC(=S)NCCC2CCN(Cc3ccccc3)CC2)cc1,1
COc1ccc(-c2cc(=O)c3ccc(OCCCN4CCC(C)CC4)cc3o2)cc1,1
Cc1cccc2c(NCCCCCCCCNc3c4c(nc5ccccc35)CCCC4)c3c(nc12)CCCC3,1
CN1c2ccccc2C(NCCCCCCC(=O)NCCNc2c3c(nc4cc(Cl)ccc24)CCCC3)c2ccc(Cl)cc2S1(=O)=O,1
COc1ccc(-c2cc(=O)c3ccc(OCCCN4CCC(CCO)CC4)cc3o2)cc1,1
CN1CC[C@@]2(C)c3cc(OC(=O)NC4CCCCC4)ccc3N(C)[C@@H]12,1
CCCCNC(=O)Oc1cccc(CN(CC)CCCOc2ccc3c(=O)c4ccccc4oc3c2)c1,1
COc1cc2c(cc1OC)C(=O)/C(=C/c1ccc(CN3CCCCC3)c(O)c1)O2,1
c1ccc2c(NCCCCCCCCNc3c4c(nc5ccccc35)CCCC4)ccnc2c1,1
c1ccc2c(c1)NC1CCCCC1=C2NCCCCCCCCNC1CCNC2CCCCC21,1
C1=CCc2c(nc3ccccc3c2NCCCCCCCCNc2ccnc3ccccc23)C1,1
CCN(CC)Cc1ccc(OCCCCCCN2CC[C@@]34C=C[C@H](O)C[C@@H]3Oc3c(OC)ccc(c34)C2)cc1,1
CNC(=O)Oc1cccc(CN(C)CCCOc2ccc3c(=O)ccoc3c2)c1,1
COc1cc2c(cc1OC)C(=O)C(CCCCN[C@H]1CCCc3[nH]c(=O)ccc31)C2,1
COc1cc(OC)c2c(c1)OC(c1cc(OC)c(OC(=O)Nc3ccccc3)c(OC)c1)CC2=O,1
COc1ccc(C(=O)NC(=S)NCCC2CCN(Cc3ccccc3)CC2)cc1,1
CCN(CCCCCCC(=O)c1ccc(OC)c(OC)c1)Cc1ccccc1OC,1
c1ccc(CN2CCC(CCNc3cc4c(nn3)-c3ccccc3C4)CC2)cc1,1
c1ccc2c(NCCCCCCCNc3c4c(nc5ccccc35)CCCC4)ccnc2c1,1
O=C(CNc1c2c(nc3ccccc13)CCCC2)NCC1CCN(c2ccccc2)CC1,1
O=C(NC(=S)NCCC1CCN(Cc2ccccc2)CC1)c1ccc2c(c1)OCO2,1
O=C(NC(=S)NCCC1CCN(Cc2ccccc2)CC1)c1ccc2c(=O)c3ccccc3oc2c1,1
COc1ccc2c3c1O[C@H]1C[C@@H](O)C=C[C@@]31CCN(CCCCCC(=O)NC13CC4CC(C)(CC(C)(C4)C1)C3)C2,1
Nc1c2c(nc3cc(Cl)ccc13)CCCC2O,1
CC1=C[C@H]2Cc3[nH]c(=O)ccc3[C@@]3(C1)[C@@H]2CCCN3C(=O)CCN(C)CCCCCCCCCCN(C)CCC(=O)N1CCC[C@@H]2[C@H]3C=C(C)C[C@]21c1ccc(=O)[nH]c1C3,1
CN1CC[C@@]2(C)c3cc(OC(=O)Nc4ccccc4)ccc3N(C)[C@@H]12,1
COc1ccc2c3c1O[C@H]1C[C@@H](O)C=C[C@@]31CCN(CCCCOc1ccc(CN3CCCCC3)cc1)C2,1
c1ccc2c(NCCCCCCCNc3ccncc3)c3c(nc2c1)CCCC3,1
COc1cc(OC)c2c(c1)OC(c1ccc(OC(=O)Nc3ccccc3)c(OC)c1)CC2=O,1
CN(CCOCCNC(=S)NC(=O)c1ccccc1)C1CCCCC1,1
O=C1c2ccc([N+](=O)[O-])cc2C(=O)N1CCC1CCN(Cc2ccccc2)CC1,1
Cc1cccc(N2CCN(CCNCc3ccc(CN4CCCCC4)o3)C2=C(C#N)C#N)c1,1
COc1ccc(-c2cc(=O)c3ccc(OCCCCN4CCC(C)CC4)cc3o2)cc1,1
c1ccc2c(NCCCCCCCCNc3ccncc3)c3c(nc2c1)CCCC3,1
O=C(NC(=S)NCCC1CCN(Cc2ccccc2)CC1)c1ccc(C(=O)c2ccccc2)cc1,1
CCCCNC(=O)Oc1cccc(CN(C)CCCOc2ccc3ccc(=O)oc3c2)c1,1
N#CC(C#N)=C1N(CCNCc2ccc(CN3CCCCC3)o2)CCN1c1ccccc1,1
COc1cccc(N2CCN(CCNCc3ccc(CN4CCCCC4)o3)C2=C(C#N)C#N)c1,1
CCN(CC)Cc1ccc(OCCCCN2CC[C@@]34C=C[C@H](O)C[C@@H]3Oc3c(OC)ccc(c34)C2)cc1,1
CN(CCOCCNC(=S)NC(=O)c1cccc([N+](=O)[O-])c1)Cc1ccccc1,1
O=C(NCCC1CCN(Cc2ccccc2)CC1)NC(=O)c1ccccc1,1
COc1ccc(-c2cc(=O)c3ccc(OCCCCCN4CCC(C)CC4)cc3o2)cc1,1
O=C(CCC1CCN(Cc2cccc(F)c2)CC1)c1ccc2c(c1)CCN2,1
COc1cc(OC)c2c(c1)OC(c1ccc(OC)c(OC(=O)Nc3ccccc3)c1)CC2=O,1
COc1ccc(-c2cc(=O)c3ccc(OCCCCN4CCC(CCO)CC4)cc3o2)cc1,1
COc1cc2c(cc1OC)C(=O)C(Oc1ccc(C(=O)CCN3CCCCC3)cc1)C2,1
COc1ccc(-c2cc(=O)c3ccc(OCCCCCN4CCC(CCO)CC4)cc3o2)cc1,1
COc1ccc([C@H]2c3c(c(O)n(-c4ccc(C(=O)O)cc4)c3O)ON2c2ccc(C)cc2)cc1,1
COc1ccc([C@H]2c3c(c(O)n(-c4ccc(C(=O)O)cc4)c3O)ON2c2ccc(C)cc2)cc1,1
COc1ccc2c3c1O[C@H]1C[C@@H](O)C=C[C@@]31CCN(CCCOc1ccc(CN3CCCCC3)cc1)C2,1
COc1cc(OC)c2c(c1)OC(c1cc(OC)c(OC(=O)Nc3ccccc3)c([N+](=O)[O-])c1)CC2=O,1
CC1=C[C@H]2Cc3[nH]c(=O)ccc3[C@@]3(C1)[C@@H]2CCCN3C(=O)CCN(C)CCCCCCCCN(C)CCC(=O)N1CCC[C@@H]2[C@H]3C=C(C)C[C@]21c1ccc(=O)[nH]c1C3,1
CC1=CC2Cc3[nH]c(=O)ccc3[C@@]3(C1)[C@@H]2CCCN3C(=O)CCN(C)CCCCCCCCN(C)CCC(=O)N1CCC[C@@H]2C3C=C(C)C[C@]21c1ccc(=O)[nH]c1C3,1
Fc1ccc(C(c2ccc(F)cc2)N2CCN(CCN3CCCC3)CC2)cc1,1
COc1cccc([C@H]2c3c(c(O)n(-c4ccc(C(=O)O)cc4)c3O)ON2c2ccc(C)cc2)c1,1
COc1ccc([C@H]2c3c(c(O)n(-c4ccc(C(=O)O)cc4)c3O)ON2c2ccccc2)cc1,1
COc1cc(OC)c2c(c1)OC(c1ccc(OC(=O)Nc3ccccc3)cc1)CC2=O,1
COc1ccc(N2CCN(CCNCc3ccc(CN4CCCCC4)o3)C2=C(C#N)C#N)cc1,1
COc1ccccc1[C@H]1c2c(c(O)n(-c3ccc(C(=O)O)cc3)c2O)ON1c1ccc(C)cc1,1
COc1ccc([C@H]2c3c(c(O)n(-c4ccc(C(=O)O)cc4)c3O)ON2c2ccccc2)cc1,1
COc1cccc([C@H]2c3c(c(O)n(-c4ccc(C(=O)O)cc4)c3O)ON2c2ccccc2)c1,1
Cc1ccc(N2Oc3c(c(O)n(-c4ccc(C(=O)O)cc4)c3O)[C@@H]2c2ccc(Cl)cc2)cc1,1
COc1ccccc1[C@H]1c2c(c(O)n(-c3ccc(C(=O)O)cc3)c2O)ON1c1ccccc1,1
COc1cc(C2CC(=O)c3ccccc3O2)cc(OC)c1OC(=O)Nc1ccccc1,1
COc1cc(OC)c2c(c1)OC(c1cccc(OC(=O)Nc3ccccc3)c1)CC2=O,1
O=C(O)c1ccc(-n2c(O)c3c(c2O)[C@H](c2ccc(Cl)cc2)N(c2ccccc2)O3)cc1,1
COc1cccc([C@H]2c3c(c(O)n(-c4ccc(C(=O)O)cc4)c3O)ON2c2ccc(C)cc2)c1,1
O=C(NC(=S)NCCC1CCN(Cc2ccccc2)CC1)c1ccc(Cl)cc1,1
CCN(CCCCC1Cc2cc(OC)c(OC)cc2C1=O)Cc1ccccc1OC,1
O=C(O)c1ccc(-n2c(O)c3c(c2O)[C@H](c2cccc(Cl)c2)N(c2ccccc2)O3)cc1,1
CC1=C[C@H]2Cc3[nH]c(=O)ccc3[C@@]3(C1)[C@@H]2CCCN3CCN(C)CCCCCCCCN(C)CCN1CCC[C@@H]2[C@H]3C=C(C)C[C@]21c1ccc(=O)[nH]c1C3,1
COc1ccccc1[C@H]1c2c(c(O)n(-c3ccc(C(=O)O)cc3)c2O)ON1c1ccc(C)cc1,1
Cc1ccc(N2Oc3c(c(O)n(-c4ccc(C(=O)O)cc4)c3O)[C@@H]2c2ccc(Cl)cc2)cc1,1
c1ccc2c(NCCCCCCCN3CCCCC3)c3c(nc2c1)CCCC3,1
COc1cccc([C@H]2c3c(c(O)n(-c4ccc(C(=O)O)cc4)c3O)ON2c2ccccc2)c1,1
COc1ccccc1[C@H]1c2c(c(O)n(-c3ccc(C(=O)O)cc3)c2O)ON1c1ccccc1,1
O=C(O)c1ccc(-n2c(O)c3c(c2O)[C@H](c2ccc(Cl)cc2)N(c2ccccc2)O3)cc1,1
CCCCCCCNC(=O)Oc1cccc(CN(C)CCCOc2ccc3c(=O)ccoc3c2)c1,1
COc1ccccc1CN(C)CCCCCCCCCCN(C)CC(=O)N1CCC[C@@H]2[C@H]3C=C(C)C[C@]21c1ccc(=O)[nH]c1C3,1
Cc1ccc(N2Oc3c(c(O)n(-c4ccc(C(=O)O)cc4)c3O)[C@@H]2c2ccccc2Cl)cc1,1
COc1cc(OO)cc2c1C(=O)CC(c1ccccc1OC(=O)Nc1ccccc1)O2,1
O=C(O)c1ccc(-n2c(O)c3c(c2O)[C@H](c2ccccc2Cl)N(c2ccccc2)O3)cc1,1
O=C(O)c1ccc(-n2c(O)c3c(c2O)[C@H](c2cccc(Cl)c2)N(c2ccccc2)O3)cc1,1
Cc1ccc(N2Oc3c(c(O)n(-c4ccc(C(=O)O)cc4)c3O)[C@@H]2c2ccc(O)cc2)cc1,1
COc1cc(C2CC(=O)c3ccccc3O2)ccc1OC(=O)Nc1ccccc1,1
c1ccc2c(NCCCCCCCCNc3c4c(nc5ccccc35)CCC4)c3c(nc2c1)CCC3,1
S=C(NCCC1CCN(Cc2ccccc2)CC1)Nc1ccccn1,1
Cc1ccc(N2Oc3c(c(O)n(-c4ccc(C(=O)O)cc4)c3O)[C@@H]2c2ccccc2Cl)cc1,1
Cc1ccc(N2Oc3c(c(O)n(-c4ccc(C(=O)O)cc4)c3O)[C@@H]2c2cccc(Cl)c2)cc1,1
Cc1ccc(N2Oc3c(c(O)n(-c4ccc(C(=O)O)cc4)c3O)[C@@H]2c2ccccc2)cc1,1
O=C(O)c1ccc(-n2c(O)c3c(c2O)[C@H](c2ccccc2Cl)N(c2ccccc2)O3)cc1,1
Cc1ccc(N2Oc3c(c(O)n(-c4ccc(C(=O)O)cc4)c3O)[C@@H]2c2ccc(O)cc2)cc1,1
O=C(O)c1ccc(-n2c(O)c3c(c2O)[C@H](c2ccc(O)cc2)N(c2ccccc2)O3)cc1,1
O=C(O)c1ccc(-n2c(O)c3c(c2O)[C@H](c2ccc(O)cc2)N(c2ccccc2)O3)cc1,1
Cc1ccc(N2Oc3c(c(O)n(-c4ccc(C(=O)O)cc4)c3O)[C@@H]2c2ccccc2)cc1,1
CC1=C[C@H]2Cc3[nH]c(=O)ccc3[C@@]3(C1)[C@@H]2CCCN3C(=O)CCN(C)CCCCCCCCCCCCN(C)CCC(=O)N1CCC[C@@H]2[C@H]3C=C(C)C[C@]21c1ccc(=O)[nH]c1C3,1
Cc1ccc(N2Oc3c(c(O)n(-c4ccc(C(=O)O)cc4)c3O)[C@@H]2c2ccccc2O)cc1,1
Cc1ccc(N2Oc3c(c(O)n(-c4ccc(C(=O)O)cc4)c3O)[C@@H]2c2ccc([N+](=O)[O-])cc2)cc1,1
Cc1ccc(N2Oc3c(c(O)n(-c4ccc(C(=O)O)cc4)c3O)[C@@H]2c2cccc(Cl)c2)cc1,1
O=C(O)c1ccc(-n2c(O)c3c(c2O)[C@H](c2ccccc2O)N(c2ccccc2)O3)cc1,1
O=C(O)c1ccc(-n2c(O)c3c(c2O)[C@H](c2ccccc2)N(c2ccccc2)O3)cc1,1
CCN(CCCCCN1C(=O)c2ccc([N+](=O)[O-])cc2C1=O)Cc1ccccc1OC,1
CCN(CCCCCC(=O)c1ccc(OC)c(OC)c1)Cc1ccccc1OC,1
CN1CCCc2cc(C(=O)CCC3CCN(Cc4cccc(Cl)c4)CC3)ccc21,1
Cc1ccc(N2Oc3c(c(O)n(-c4ccc(C(=O)O)cc4)c3O)[C@@H]2c2ccc([N+](=O)[O-])cc2)cc1,1
Cc1ccc(N2Oc3c(c(O)n(-c4ccc(C(=O)O)cc4)c3O)[C@@H]2c2ccccc2O)cc1,1
Cc1ccc(N2Oc3c(c(O)n(-c4ccc(C(=O)O)cc4)c3O)[C@@H]2c2ccccc2[N+](=O)[O-])cc1,1
O=C(O)c1ccc(-n2c(O)c3c(c2O)[C@H](c2ccccc2)N(c2ccccc2)O3)cc1,1
COc1ccc2c3c1O[C@H]1C[C@@H](O)C=C[C@@]31CCN(CCOc1ccc(CN3CCCCC3)cc1)C2,1
O=C(O)c1ccc(-n2c(O)c3c(c2O)[C@H](c2ccccc2O)N(c2ccccc2)O3)cc1,1
Cc1ccc(N2Oc3c(c(O)n(-c4ccc(C(=O)O)cc4)c3O)[C@@H]2c2ccccc2[N+](=O)[O-])cc1,1
CC1=CC2Cc3[nH]c(=O)ccc3[C@@]3(C1)[C@@H]2CCCN3C(=O)CCN(C)CCCCCCCCCCCCN(C)CCC(=O)N1CCC[C@@H]2C3C=C(C)C[C@]21c1ccc(=O)[nH]c1C3,1
Fc1ccc(-c2nc(-c3ccccc3)c(-c3ccccc3)n2CCCCCCCCNc2c3c(nc4ccccc24)CCCC3)cc1,1
O=C(O)c1ccc(-n2c(O)c3c(c2O)[C@H](c2ccc([N+](=O)[O-])cc2)N(c2ccccc2)O3)cc1,1
COc1ccc(C(=O)NC(=S)NCCOCCN(C)Cc2ccccc2)cc1,1
O=C(O)c1ccc(-n2c(O)c3c(c2O)[C@H](c2ccccc2[N+](=O)[O-])N(c2ccccc2)O3)cc1,1
CC1=C[C@H]2Cc3[nH]c(=O)ccc3[C@@]3(C1)[C@@H]2CCCN3CCCN(C)CCCCCCCCCCN(C)CCCN1CCC[C@@H]2[C@H]3C=C(C)C[C@]21c1ccc(=O)[nH]c1C3,1
O=c1ccc2c([nH]1)CCCC2NCCCCCCCCNc1c2c(nc3ccccc13)CCCC2,1
O=C(O)c1ccc(-n2c(O)c3c(c2O)[C@H](c2ccc([N+](=O)[O-])cc2)N(c2ccccc2)O3)cc1,1
O=C(O)c1ccc(-n2c(O)c3c(c2O)[C@H](c2ccccc2[N+](=O)[O-])N(c2ccccc2)O3)cc1,1
COc1ccc(C2CC(=O)c3ccccc3O2)cc1OC(=O)Nc1ccccc1,1
O=C(CCC1CCN(Cc2ccccc2)CC1)c1ccc(N2CCCC2)cc1,1
CCN(C(=O)C1CCN(C(=O)Nc2cccc(Cn3nc(Nc4ccccc4C)ccc3=O)c2)CC1)C(C)C,1
CCCNC(=O)Oc1cccc(CN(C)CCCOc2ccc3c(=O)c4ccccc4oc3c2)c1,1
CN1c2ccccc2C(NCCCCCCC(=O)NCCCCCNc2c3c(nc4cc(Cl)ccc24)CCCC3)c2ccc(Cl)cc2S1(=O)=O,1
CN1CC[C@@]2(C)c3cc(OC(=O)Nc4ccccc4)ccc3N(C)C12,1
CCCCN1CCc2cc(C(=O)CCC3CCN(Cc4ccccc4)CC3)ccc21,1
COc1ccc(NC(=O)Oc2ccc3c(c2)[C@]2(C)CCN(C)[C@@H]2N3C)cc1,1
CN(CCOCCNC(=S)NC(=O)c1ccc2c(c1)-c1ccccc1C2=O)Cc1ccccc1,1
CN(CCOCCNC(=S)NC(=O)c1ccc(Cl)cc1)Cc1ccccc1,1
O=C1c2ccccc2C(=O)N1CCC1CCN(Cc2ccccc2)CC1,1
N#CC(C#N)C1=NCCN1CCNCc1ccc(CN2CCCCC2)o1,1
COc1cc(C2CC(=O)c3ccccc3O2)cc([N+](=O)[O-])c1OC(=O)Nc1ccccc1,1
CCCCNC(=O)Oc1cccc(CN(C)CCCOc2ccc3c(=O)cc(-c4ccccc4)oc3c2)c1,1
CCN(C)CC(=O)c1ccc(OC2Cc3cc(OC)c(OC)cc3C2=O)cc1,1
O=C1C2Cc3c([nH]c4ccccc34)[C@@H](c3ccc4c(c3)OCO4)N2C(=O)CN1CCC1CCN(Cc2ccccc2)CC1,1
O=C(NC(=S)NCCC1CCN(Cc2ccccc2)CC1)c1ccc(C(F)(F)F)cc1,1
CC1=C[C@H]2Cc3[nH]c(=O)ccc3[C@@]3(C1)[C@@H]2CCCN3CCCN(C)CCCCCCN(C)CCCN1CCC[C@@H]2[C@H]3C=C(C)C[C@]21c1ccc(=O)[nH]c1C3,1
COc1cc2oc(-c3ccc(CN4CCCCC4)cc3)cc(=O)c2cc1OC,1
COc1ccc2c3c1O[C@H]1C[C@@H](O)C=C[C@@]31CCN(CCCCCCCCOc1ccc(CN3CCCCC3)cc1)C2,1
COc1ccc(-c2cc(=O)c3ccc(O)cc3o2)cc1,1
Nc1ccc(C(=O)O)cc1,1
CC1=C[C@H]2Cc3[nH]c(=O)ccc3[C@@]3(C1)[C@@H]2CCCN3C(=O)CCN(C)CCCCCCN(C)CCC(=O)N1CCC[C@@H]2[C@H]3C=C(C)C[C@]21c1ccc(=O)[nH]c1C3,1
CC1=CC2Cc3[nH]c(=O)ccc3[C@@]3(C1)[C@@H]2CCCN3C(=O)CCN(C)CCCCCCN(C)CCC(=O)N1CCC[C@@H]2C3C=C(C)C[C@]21c1ccc(=O)[nH]c1C3,1
CN1CCCc2ccc(C(=O)CCC3CCN(Cc4ccccc4)CC3)cc21,1
CCCCNC(=O)Oc1cccc(CN(C)CCCOc2ccc3c(=O)c4ccccc4oc3c2)c1,1
O=c1ccc2c([nH]1)CCCC2NCCCCCCCCCNc1c2c(nc3ccccc13)CCCC2,1
CN1c2ccccc2C(NCCCCCCC(=O)NCCCCNc2c3c(nc4cc(Cl)ccc24)CCCC3)c2ccc(Cl)cc2S1(=O)=O,1
O=C(Nc1ccccc1)Oc1ccc(C2CC(=O)c3ccccc3O2)cc1,1
COc1cc(O)c(C(=O)/C=C/c2ccc(CN3CCCC3)cc2)cc1OC,1
COc1cc2c(cc1OC)C(=O)C(CCCCCCN[C@H]1CCCc3[nH]c(=O)ccc31)C2,1
CNC(=O)Oc1cccc(CN(C)CCCCOc2ccc3c(=O)c4ccccc4oc3c2)c1,1
O=c1ccc2c([nH]1)CCCC2NCCCCCCNc1c2c(nc3ccccc13)CCCC2,1
COc1cc2c(cc1OC)C(=O)C(Oc1ccc(CCN3CCCC3)cc1)C2,1
COc1ccc(-c2cc(=O)c3ccc(O)cc3o2)cc1OC,1
N#Cc1ccccc1-c1ccc(CN2CCN(C(c3ccc(F)cc3)c3ccc(F)cc3)CC2)cc1,1
CCN(C)CCCC(=O)c1ccc(OC2Cc3cc(OC)c(OC)cc3C2=O)cc1,1
CC1=C[C@H]2Cc3[nH]c(=O)ccc3[C@@]3(C1)[C@@H]2CCCN3C(=O)CN(C)CCCCCCCCCCN(C)Cc1cccnc1,1
Fc1ccc(-c2nc(-c3ccccc3)c(-c3ccccc3)n2CCCCCCCNc2c3c(nc4ccccc24)CCCC3)cc1,1
c1ccc2c(NCCCCCCCCCNc3c4c(nc5ccccc35)CCCC4)ccnc2c1,1
CN1CC[C@@]2(C)c3cc(OC(=O)Nc4cccc(Cl)c4)ccc3N(C)[C@@H]12,1
O=C(Nc1ccccc1)Oc1cccc(C2CC(=O)c3ccccc3O2)c1,1
Nc1c2c(nc3ccccc13)CCCCC2,1
c1ccc(CN2CCC(CCNc3cc4c(nn3)-c3ccccc3CC4)CC2)cc1,1
CN1c2ccccc2C(NCCCCCCC(=O)NCCCCCCNc2c3c(nc4cc(Cl)ccc24)CCCC3)c2ccc(Cl)cc2S1(=O)=O,1
O=C(Nc1ccccc1)Oc1ccccc1C1CC(=O)c2ccccc2O1,1
O=C(NC(=S)NCCC1CCN(Cc2ccccc2)CC1)c1ccccc1[N+](=O)[O-],1
c1ccc2c(NCCCCCCCCCCNc3c4c(nc5ccccc35)CCCC4)c3c(nc2c1)CCCC3,1
CCN(CCCCN1C(=O)c2ccccc2C1=O)Cc1ccccc1OC,1
CC1=C[C@H]2Cc3[nH]c(=O)ccc3[C@@]3(C1)[C@@H]2CCCN3CCCN(C)CCCCCCCCN(C)CCCN1CCC[C@@H]2[C@H]3C=C(C)C[C@]21c1ccc(=O)[nH]c1C3,1
CCN(CC)CCCC(=O)c1ccc(OC2Cc3cc(OC)c(OC)cc3C2=O)cc1,1
CC1=C[C@H]2Cc3[nH]c(=O)ccc3[C@@]3(C1)[C@@H]2CCCN3C(=O)CN(C)CCCCCCCCN(C)Cc1ccccn1,1
CC1=C[C@H]2Cc3[nH]c(=O)ccc3[C@@]3(C1)[C@@H]2CCCN3C(=O)CN(C)CCCCCCCCCCN(C)Cc1ccccn1,1
CCCCCCCNC(=O)Oc1cccc(CN(C)CCCOc2ccc3c(=O)c4cccnc4oc3c2)c1,1
CCN(CC)CCc1ccc(OC2Cc3cc(OC)c(OC)cc3C2=O)cc1,1
c1ccc(-c2nc(-c3ccccc3)n(CCCCCCCCn3c(-c4ccccc4)nc(-c4ccccc4)c3-c3ccccc3)c2-c2ccccc2)cc1,1
O=c1ccc2c([nH]1)CCCC2NCCCCNc1c2c(nc3ccccc13)CCCC2,1
CCCN(c1ccncc1F)n1cc(C)c2cc(OC(=O)NCc3ccccc3)ccc21,1
O=C(CCC1CCN(Cc2ccccc2F)CC1)c1ccc2c(c1)CCN2,1
COc1cc(-c2cc(=O)c3ccc(O)cc3o2)cc(OC)c1OC,1
CCN(CCCCCN1C(=O)c2ccc([N+](=O)[O-])cc2C1=O)Cc1cccc(OC)c1,1
CN(C)CCCCCCCCCCNc1c2c(nc3ccccc13)CCCC2,1
Cc1ccccc1Nc1ccc(=O)n(Cc2cccc(NC(=O)N3CCC(C(=O)N(C)C(C)C)CC3)c2)n1,1
CCCCCN1CCc2cc(C(=O)CCC3CCN(Cc4ccccc4)CC3)ccc21,1
CN(C)CCCCCCCCNc1c2c(nc3ccccc13)CCCC2,1
COc1cc(O)c(C(=O)/C=C/c2cccc(CN3CCCC3)c2)cc1OC,1
COc1ccc(-c2cc(=O)c3ccc(OCCCCCCN4CCC(C)CC4)cc3o2)cc1,1
CCN(CC)C(=O)C1CCN(C(=O)Nc2cccc(Cn3nc(Nc4ccccc4C)ccc3=O)c2)CC1,1
CCN(CCCCCC(=O)c1ccc(N2CCCC2)cc1)Cc1ccccc1OC,1
Cc1cccc(CN2CCC(CCC(=O)c3ccc4c(c3)CCN4)CC2)c1,1
CC1=C[C@H]2Cc3[nH]c(=O)ccc3[C@@]3(C1)[C@@H]2CCCN3C(=O)CN(C)CCCCCCCCCCN(C)Cc1ccncc1,1
COc1cc2c(cc1OC)C(=O)C(Oc1ccc(CCN3CCCCC3)cc1)C2,1
CC1=C[C@H]2Cc3[nH]c(=O)ccc3[C@@]3(C1)[C@@H]2CCCN3C(=O)CN(C)CCCCCCCCN(C)CC(=O)N1CCC[C@@H]2[C@H]3C=C(C)C[C@]21c1ccc(=O)[nH]c1C3,1
CC1=CC2Cc3[nH]c(=O)ccc3[C@@]3(C1)[C@@H]2CCCN3C(=O)CN(C)CCCCCCCCN(C)CC(=O)N1CCC[C@@H]2C3C=C(C)C[C@]21c1ccc(=O)[nH]c1C3,1
CCN(CCCCNC(=O)COc1ccc(-c2cc(=O)c3c(O)c(OC)c(OC)cc3o2)cc1)Cc1ccccc1OC,1
CCN(C)CCc1ccc(OC2Cc3cc(OC)c(OC)cc3C2=O)cc1,1
COc1ccc(C(=O)CCC2CCN(Cc3ccccc3)CC2)cc1OC,1
CN(C)CCCCCCCNc1c2c(nc3ccccc13)CCCC2,1
CC1=C[C@H]2Cc3[nH]c(=O)ccc3[C@@]3(C1)[C@@H]2CCCN3C(=O)CN(C)CCCCCCCCCCN(C)Cc1ccc(F)cc1,1
O=c1ccc2c([nH]1)CCC[C@@H]2NCCCCCCCCCCCCN[C@H]1CCCc2[nH]c(=O)ccc21,1
CN1c2ccccc2C(NCCCCCCC(=O)NCCCNc2c3c(nc4ccccc24)CCCC3)c2ccc(Cl)cc2S1(=O)=O,1
O=c1ccc2c([nH]1)CCCC2NCCCCCCCNc1c2c(nc3ccccc13)CCCC2,1
CC1=C[C@H]2Cc3[nH]c(=O)ccc3[C@@]3(C1)[C@@H]2CCCN3C(=O)CN(C)CCCCCCCCCCCCN(C)CC(=O)N1CCC[C@@H]2[C@H]3C=C(C)C[C@]21c1ccc(=O)[nH]c1C3,1
COc1ccc2c3c1O[C@H]1C[C@@H](O)C=C[C@@]31CCN(CCCCOc1ccc(C(=O)N3CCCC3)cc1)C2,1
O=C(CCC1CCN(Cc2cccc(Cl)c2)CC1)c1ccc2c(c1)CCCN2,1
O=C(CCC1CCN(Cc2ccccc2)CC1)c1ccc2c(c1)NCCC2,1
CN(CCOCCNC(=S)NC(=O)c1ccc(Cl)c(Cl)c1)Cc1ccccc1,1
COc1cc2oc(-c3ccc(CN4CCCC4)cc3)cc(=O)c2cc1OC,1
COc1ccc2c3c1O[C@H]1C[C@@H](O)C=C[C@@]31CCN(CCCC(=O)NC13CC4CC(C)(CC(C)(C4)C1)C3)C2,1
Nc1c2c(nc3ccccc13)CCC2,1
CC1=C[C@H]2Cc3[nH]c(=O)ccc3[C@@]3(C1)[C@@H]2CCCN3C(=O)CN(C)CCCCCCCCN(C)Cc1ccc(F)cc1,1
COc1ccc(-c2cc(=O)c3ccc(OCCCCCCCN4CCC(C)CC4)cc3o2)cc1,1
CCCN(c1ccncc1F)n1cc(C)c2cc(OC(=O)NC)ccc21,1
COc1ccc2c3c1O[C@H]1C[C@@H](O)C=C[C@@]31CCN(CCCCCCCCCCCCOc1ccc(CN3CCCCC3)cc1)C2,1
O=C(CCC1CCN(Cc2cccc(Cl)c2)CC1)c1ccc2c(c1)CCN2,1
Clc1ccc(-c2nc(-c3ccccc3)c(-c3ccccc3)n2CCCCCCCNc2c3c(nc4ccccc24)CCCC3)cc1,1
C[C@H]1Cc2nc3ccccc3c(N)c2C1,1
COc1ccc2c3c1O[C@H]1C[C@@H](O)C=C[C@@]31CCN(CCCCCCCCCCOc1ccc(CN3CCCCC3)cc1)C2,1
COc1cc2c(cc1OC)C(=O)C(Oc1ccc(C(=O)CCCN3CCCC3)cc1)C2,1
COc1ccccc1CN(C)CCCCCCCCCCCCN(C)CC(=O)N1CCC[C@@H]2[C@H]3C=C(C)C[C@]21c1ccc(=O)[nH]c1C3,1
O=C(CCC1CCN(Cc2cccc([N+](=O)[O-])c2)CC1)c1ccc2c(c1)CCN2,1
CN1c2ccccc2C(NCCCCCCC(=O)NCCCCCCCNc2c3c(nc4ccccc24)CCCC3)c2ccc(Cl)cc2S1(=O)=O,1
COc1ccc(-c2cc(=O)c3ccc(OCCCCCCN4CCC(CCO)CC4)cc3o2)cc1,1
CC1=C[C@H]2Cc3[nH]c(=O)ccc3[C@@]3(C1)[C@@H]2CCCN3C(=O)CN(C)CCCCCCCCCCCCN(C)Cc1ccccn1,1
COc1ccccc1N1CCN(CCNCc2ccc(CN3CCCCC3)o2)C1=C(C#N)C#N,1
CN1CC[C@@]2(C)c3cc(OC(=O)Nc4cccc(Cl)c4Cl)ccc3N(C)[C@@H]12,1
CN1CC[C@@]2(C)c3cc(OC(=O)Nc4ccccc4Br)ccc3N(C)[C@@H]12,1
CCNC(=S)Nc1cc(-n2cnc(CN3CCCC3)c2)ncn1,1
COc1ccc(-c2cc(=O)c3ccc(OCCCCCCCN4CCC(CCO)CC4)cc3o2)cc1,1
COc1cc2occ(-c3ccc(CN4CCCCC4)cc3)c(=O)c2cc1OC,1
CCCCCCCNC(=O)Oc1cccc(CN(C)CCCOc2ccc3c(=O)cc(-c4ccccc4)oc3c2)c1,1
COc1ccc(-c2nc(-c3ccccc3)c(-c3ccccc3)n2CCCCCCCNc2c3c(nc4ccccc24)CCCC3)cc1,1
CCN(CCCCNC(=O)c1cc(=O)c2c(O)cccc2o1)Cc1ccccc1OC,1
COc1cc2occ(-c3cccc(CN4CCCC4)c3)c(=O)c2cc1OC,1
CCCCNC(=O)Oc1cccc(CN(CCC)CCCOc2ccc3c(=O)c4ccccc4oc3c2)c1,1
CCCCC1=NC2(CCCC2)C(=O)N1Cc1ccc(Br)cc1,1
CN(C)CCCCCCCCCNc1c2c(nc3ccccc13)CCCC2,1
O=[N+]([O-])c1ccc(-c2nc(-c3ccccc3)c(-c3ccccc3)n2CCCCCCCNc2c3c(nc4ccccc24)CCCC3)cc1,1
CCN(CCCCNC(=O)COc1ccc(-c2cc(=O)c3c(OC)c(OC)c(OC)cc3o2)cc1)Cc1ccccc1OC,1
c1ccc2c(NCCCCCCCNc3c4c(nc5ccccc35)CCC4)c3c(nc2c1)CCC3,1
C[C@@H]1CCC[C@H](C)N1S(=O)(=O)c1cc(Cl)ccc1Cl,1
CCN(CCCCC1Cc2cc(OC)c(OC)cc2C1=O)Cc1ccccc1,1
O=C(CCC1CCN(Cc2ccccc2Cl)CC1)c1ccc2c(c1)CCN2,1
N#Cc1ccc2[nH]cc(CCCCN3CCN(c4c5c(nc6ccccc46)CCCC5)CC3)c2c1,1
CC1=C[C@H]2Cc3[nH]c(=O)ccc3[C@@]3(C1)[C@@H]2CCCN3C(=O)CN(C)CCCCCCN(C)CC(=O)N1CCC[C@@H]2[C@H]3C=C(C)C[C@]21c1ccc(=O)[nH]c1C3,1
CC1=CC2Cc3[nH]c(=O)ccc3[C@@]3(C1)[C@@H]2CCCN3C(=O)CN(C)CCCCCCN(C)CC(=O)N1CCC[C@@H]2C3C=C(C)C[C@]21c1ccc(=O)[nH]c1C3,1
Cc1ccc(C(=O)NC(=S)NCCOCCN(C)Cc2ccccc2)cc1,1
CCCCC1=NC2(CCCC2)C(=O)N1Cc1cc(OC)c(OC)cc1Br,1
CC1=C[C@H]2Cc3[nH]c(=O)ccc3[C@@]3(C1)[C@@H]2CCCN3CCN(C)CCCCCCN(C)CCN1CCC[C@@H]2[C@H]3C=C(C)C[C@]21c1ccc(=O)[nH]c1C3,1
O=C(NC(=S)NCCC1CCN(Cc2ccccc2)CC1)c1ccc2c(c1)C(=O)c1ccccc1-2,1
O=[N+]([O-])CC(=NCCC1CCN(Cc2ccccc2)CC1)Nc1ccccc1,1
c1ccc(-c2nc(-c3ccccc3)n(CCCCCCCNc3c4c(nc5ccccc35)CCCC4)c2-c2ccccc2)cc1,1
COc1ccc2c3c1O[C@H]1C[C@@H](O)C=C[C@@]31CCN(CCOCCOCCNC13CC4CC(C)(CC(C)(C4)C1)C3)C2,1
COc1cc2c(cc1OC)C(=O)/C(=C/c1cccc(CN3CCCCC3)c1)O2,1
CN1c2ccccc2C(NCCCCCCC(=O)NCCNc2c3c(nc4ccccc24)CCCC3)c2ccc(Cl)cc2S1(=O)=O,1
c1ccc2c(NCCCCCCCCCNc3ccncc3)c3c(nc2c1)CCCC3,1
CCC1=CC2Cc3nc4ccccc4c(N)c3C(C1)C2,1
C[C@@H]1CCC[C@H](C)N1S(C)(=O)=O,1
CN1c2ccccc2C(NCCCCCCC(=O)NCCCCCCCCNc2c3c(nc4ccccc24)CCCC3)c2ccc(Cl)cc2S1(=O)=O,1
COc1ccc2c3c1O[C@H]1C[C@@H](O)C=C[C@@]31CCN(CCCCCCCCCOc1ccc(CN3CCCCC3)cc1)C2,1
O=C(CCC1CCN(Cc2ccc(F)cc2)CC1)c1ccc2c(c1)CCN2,1
O=C1c2cccc(O)c2C(=O)c2c(O)cc(C[n+]3ccccc3)cc21,1
CCN(CCCCOc1ccc(-c2coc3cc(OCCCCN(CC)Cc4ccccc4OC)cc(O)c3c2=O)cc1)Cc1ccccc1OC,1
CCCCC1=NC2(CCCC2)C(=O)N1Cc1ccc(-c2ccccc2C#N)cc1,1
Fc1ccc(C(c2ccc(F)cc2)N2CCN(CCN3CCCCC3)CC2)cc1,1
COc1ccc2c3c1O[C@H]1C[C@@H](O)C=C[C@@]31CCN(CCCCOc1cccc(C(C)N3CCOCC3)c1)C2,1
COc1cc(CN2CCCCC2)ccc1OC(=O)N(C)C,1
COc1ccc2c3c1O[C@H]1C[C@@H](O)C=C[C@@]31CCN(CCCCOc1ccc(CN3CCOCC3)cc1)C2,1
CN(CCOCCNC(=S)NC(=O)c1ccc2ccccc2c1)Cc1ccccc1,1
O=C(NC(=S)NCCC1CCN(Cc2ccccc2)CC1)c1cccc(Oc2ccccc2)c1,1
CCN(CCCCCCC1Cc2cc(OC)c(OC)cc2C1=O)Cc1ccccc1OC,1
CCCCCCCNC(=O)Oc1cccc(CN(C)CCCCOc2ccc3c(=O)c4ccccc4oc3c2)c1,1
CCCCNC(=O)Oc1cccc(CN(CCCOc2ccc3c(=O)c4ccccc4oc3c2)C(C)C)c1,1
CCCCCCCNC(=O)Oc1cccc(CN(C)CCCCCOc2ccc3c(=O)c4ccccc4oc3c2)c1,1
CCN(CC)Cc1ccc(/C=C/C(=O)c2cc(OC)c(OC)cc2O)cc1,1
CCNC(=S)Nc1cc(-n2cnc(CN3CCN(C)CC3)c2)ncn1,1
COc1cc(OC)c2c(c1)OC(c1cc(OC)c(O)c(OC)c1)CC2=O,1
CCN(CC)Cc1ccc(/C=C2\Oc3cc(OC)c(OC)cc3C2=O)cc1O,1
CN1c2ccccc2C(NCCCCCCC(=O)NCCCCCNc2c3c(nc4ccccc24)CCCC3)c2ccc(Cl)cc2S1(=O)=O,1
CCN(CC)Cc1ccc(OC(=O)N(C)C)c(OC)c1,1
COc1cc(C(C)N2CCCCC2)ccc1OC(=O)N(C)C,1
CCNC(=S)Nc1cc(-n2cnc(CN3CCCCC3)c2)ncn1,1
COc1cc(OC)c2c(c1)OC(c1ccc(O)c(OC)c1)CC2=O,1
O=c1ccc2c([nH]1)CCCC2NCCCCCCCCCCCCNc1c2c(nc3ccccc13)CCCC2,1
O=C(CCC1CCN(Cc2ccccc2)CC1)c1ccc2c(c1)NCC2,1
COc1ccc2c3c1O[C@H]1C[C@@H](O)C=C[C@@]31CCN(CCCCCCOc1ccc(CN3CCOCC3)cc1)C2,1
CN1CC[C@@]2(C)c3cc(OC(=O)Nc4cc(Cl)cc(Cl)c4)ccc3N(C)[C@@H]12,1
COc1cc(OC)c2c(c1)OC(c1ccc(OC)c(O)c1)CC2=O,1
c1ccc2c(NCCCCCCNc3c4c(nc5ccccc35)CCC4)c3c(nc2c1)CCC3,1
CCNC(=S)Nc1cc(-n2cnc(CN(CC)CC)c2)ncn1,1
CN1c2ccccc2C(NCCCCCCC(=O)NCCCCCCNc2c3c(nc4ccccc24)CCCC3)c2ccc(Cl)cc2S1(=O)=O,1
Cc1ccccc1Nc1ccc(=O)n(Cc2cccc(NC(=O)N3CCC(C(=O)N(C(C)C)C(C)C)CC3)c2)n1,1
COc1cc(OC)c2c(c1)OC(c1cc(OC)c(O)c([N+](=O)[O-])c1)CC2=O,1
COc1cc(OC)c2c(c1)OC(c1ccc(O)cc1)CC2=O,1
CCN(CC)C(=O)C1CCN(C(=O)Nc2cccc(Cn3nc(Nc4ccccc4C(F)(F)F)ccc3=O)c2)CC1,1
COc1cc(OC)c2c(c1)OC(c1cccc(O)c1)CC2=O,1
CN(CCOCCNC(=S)NC(=O)c1ccccc1)Cc1ccccc1,1
CCN(CCCCOc1ccc(-c2cc(=O)c3c(OC)c(OC)c(OC)cc3o2)cc1)Cc1ccccc1OC,1
COc1cc(OC)c2c(c1)OC(c1ccccc1O)CC2=O,1
O=[N+]([O-])CC(=NCCC1CCN(Cc2ccccc2)CC1)NCc1ccccc1,1
CC1=C[C@H]2Cc3[nH]c(=O)ccc3[C@@]3(C1)[C@@H]2CCCN3C(=O)CN(C)CCCCCCCCCCN(C)Cc1cccc2ccccc12,1
CCNC(=S)Nc1cc(-n2cnc(CN3CCCCCC3)c2)ncn1,1
COc1ccc2c3c1O[C@H]1C[C@@H](O)C=C[C@@]31CCN(CCCCCCOc1ccc(C(=O)N3CCCC3)cc1)C2,1
COc1cc(O)c(C(=O)/C=C/c2ccc(CN3CCCCC3)cc2)cc1OC,1
O=c1ccc2c([nH]1)CCCC2NCCCCCNc1c2c(nc3ccccc13)CCCC2,1
CC1=C[C@H]2Cc3[nH]c(=O)ccc3[C@@]3(C1)[C@@H]2CCCN3C(=O)CN(C)CCCCCCN(C)Cc1cccc2ccccc12,1
O=C(CCC1CCN(Cc2ccccc2)CC1)c1ccc2c(c1)CCCCN2,1
COc1ccc(-c2nc(-c3ccccc3)c(-c3ccccc3)n2CCCCCCCCNc2c3c(nc4ccccc24)CCCC3)cc1,1
CCN(CC)C(=O)C1CCN(C(=O)Nc2cccc(Cn3nc(Nc4cccc5ccccc45)ccc3=O)c2)CC1,1
CCN(C)Cc1ccc(/C=C/C(=O)c2cc(OC)c(OC)cc2O)cc1,1
O=C(CCC1CCN(Cc2ccccc2)CC1)c1ccc2c(c1)NCCCCC2,1
COc1cc2c(cc1OC)C(=O)C(=Cc1ccc(O)c(CN(C)C)c1)O2,1
CNC(=O)Oc1ccc2c(c1)c(C)cn2Nc1ccncc1F,1
COc1cc(CN2CCCC2)ccc1OC(=O)N(C)C,1
NCCCCCCCCCNc1c2c(nc3ccccc13)CCCC2,1
COc1cc(C2CC(=O)c3ccccc3O2)cc(OC)c1O,1
COc1ccc2c3c1O[C@H]1C[C@@H](O)C=C[C@@]31CCN(CCSCCNC13CC4CC(C)(CC(C)(C4)C1)C3)C2,1
CN1c2ccccc2C(NCCCCCCC(=O)NCCCCCCCNc2c3c(nc4cc(Cl)ccc24)CCCC3)c2ccc(Cl)cc2S1(=O)=O,1
CCCCC1=NC2(CCCC2)C(=O)N1Cc1ccc([N+](=O)[O-])cc1,1
CCN(CC)C(=O)C1CCN(C(=O)Nc2cccc(Cn3nc(Nc4cccc(C(F)(F)F)c4)ccc3=O)c2)CC1,1
COc1cc(C2CC(=O)c3ccccc3O2)ccc1O,1
CCN(CC)Cc1ccc(/C=C2\Oc3cc(OC)c(OC)cc3C2=O)cc1,1
COc1ccc(C2CC(=O)c3ccccc3O2)cc1O,1
COc1cc(C2CC(=O)c3ccccc3O2)cc([N+](=O)[O-])c1O,1
O=C(CCC1CCN(Cc2cccc(F)c2)CC1)c1ccc2c(c1)NCCCC2,1
O=C1CC(c2ccc(O)cc2)Oc2ccccc21,1
NCCCCCCCCCCNc1c2c(nc3ccccc13)CCCC2,1
O=C1CC(c2cccc(O)c2)Oc2ccccc21,1
O=C1CC(c2ccccc2O)Oc2ccccc21,1
COc1ccc(NC(=S)NCCC2CCN(Cc3ccccc3)CC2)cc1,1
CCN(CCCCCN1C(=O)c2ccc([N+](=O)[O-])cc2C1=O)Cc1ccccc1,1
O=c1ccc2c([nH]1)CCC[C@@H]2NCCCCCCCCCCN[C@H]1CCCc2[nH]c(=O)ccc21,1
CCNC(=S)Nc1cc(-n2cnc(CN(C)C)c2)ncn1,1
COc1ccc2c3c1O[C@H]1C[C@@H](O)C=C[C@@]31CCN(CCCCCCOc1cccc(C(C)N3CCOCC3)c1)C2,1
CN1c2ccccc2C(NCCCCCCC(=O)NCCCCNc2c3c(nc4ccccc24)CCCC3)c2ccc(Cl)cc2S1(=O)=O,1
CCCN(CC(=O)N1CCC[C@@H]2[C@H]3C=C(C)C[C@]21c1ccc(=O)[nH]c1C3)CC(=O)n1c2c(ccc1=O)[C@@]13CC(C)=C[C@@H](C2)[C@H]1CCCN3,1
c1ccc2c(NCCCCNc3c4c(nc5ccccc35)CCCC4)c3c(nc2c1)CCCC3,1
COc1cc2c(cc1OC)C(=O)/C(=C/c1ccc(CN3CCCC3)cc1)O2,1
CCCCCCCNC(=O)Oc1cccc(CN(CC)CCCOc2ccc3c(=O)c4ccccc4oc3c2)c1,1
CCN(CCCCCN1C(=O)c2ccc([N+](=O)[O-])cc2C1=O)CCCc1ccccc1,1
O=C(CCC1CCN(Cc2cccc(Cl)c2)CC1)c1ccc2c(c1)CCCN2Cc1ccccc1,1
CCNC(=S)Nc1cc(-n2cnc(C=O)c2)ncn1,1
COc1ccc2c3c1O[C@H]1C[C@@H](O)C=C[C@@]31CCN(CCCNCCCNC13CC4CC(C)(CC(C)(C4)C1)C3)C2,1
CN1CC[C@@]2(C)c3cc(OC(=O)Nc4ccc(Br)cc4)ccc3N(C)[C@@H]12,1
CC1=C[C@H]2Cc3[nH]c(=O)ccc3[C@@]3(C1)[C@@H]2CCCN3C(=O)CCN1CCN(CCC(=O)N2CCC[C@@H]3[C@H]4C=C(C)C[C@]32c2ccc(=O)[nH]c2C4)CC1,1
CCN(CCCOc1ccc(-c2cc(=O)c3c(OC)c(OC)c(OC)cc3o2)cc1)Cc1ccccc1OC,1
CCCCCCCNC(=O)Oc1cccc(CN(CCCOc2ccc3c(=O)c4ccccc4oc3c2)C(C)C)c1,1
CCNC(=S)Nc1cc(-n2cnc([N+](=O)[O-])c2)ncn1,1
CCN(C)Cc1ccc(-c2coc3cc(OC)c(OC)cc3c2=O)cc1,1
CC1=CC2Cc3nc4ccccc4c(N)c3C(C1)C2,1
c1ccc2c(NCCCCCCCCCCNc3ccncc3)c3c(nc2c1)CCCC3,1
CC1=C[C@H]2Cc3[nH]c(=O)ccc3[C@@]3(C1)[C@@H]2CCCN3C(=O)CCN1CCCN(CCC(=O)N2CCC[C@@H]3[C@H]4C=C(C)C[C@]32c2ccc(=O)[nH]c2C4)CC1,1
NCCCCCCCCCCCCNc1c2c(nc3ccccc13)CCCC2,1
CCNC(=S)Nc1cc(-n2cnc(CN(C)Cc3ccccc3)c2)ncn1,1
C[C@@H]1CCC[C@H](C)N1S(=O)(=O)c1cccc([N+](=O)[O-])c1,1
COc1cc2c(cc1OC)C(=O)C(CCCCCN[C@H]1CCCc3[nH]c(=O)ccc31)C2,1
CCN(CC)C(=O)C1CCN(C(=O)Nc2cccc(Cn3nc(-c4cccc5ccccc45)ccc3=O)c2)CC1,1
CCc1ccccc1Nc1ccc(=O)n(Cc2cccc(NC(=O)N3CCC(C(=O)N(CC)CC)CC3)c2)n1,1
CCN(CCCCCCNC(=O)c1cc(=O)c2c(O)cccc2o1)Cc1ccccc1OC,1
COc1cc(C(C)N2CCCC2)ccc1OC(=O)N(C)C,1
CCCOC1CCCc2nc3ccccc3c(N)c21,1
C[C@@H]1CCC[C@H](C)N1S(=O)(=O)c1ccccc1[N+](=O)[O-],1
Fc1ccc(C(c2ccc(F)cc2)N2CCN(CCN3CCOCC3)CC2)cc1,1
CC1=C[C@H]2Cc3[nH]c(=O)ccc3[C@@]3(C1)[C@@H]2CCCN3CCCN1CCN(CCCN2CCC[C@@H]3[C@H]4C=C(C)C[C@]32c2ccc(=O)[nH]c2C4)CC1,1
CCCN(CCC)Cc1cn(-c2cc(NC(=S)NCC)ncn2)cn1,1
COc1cc2c(cc1OC)C(=O)C(Oc1ccc(CCCN3CCCC3)cc1)C2,1
FC(F)(F)c1cccc(NC(=S)NCCC2CCN(Cc3ccccc3)CC2)c1,1
S=C(NCCC1CCN(Cc2ccccc2)CC1)Nc1ccncc1,1
CCN(CCCCCCOc1ccc(-c2cc(=O)c3c(OC)c(OC)c(OC)cc3o2)cc1)Cc1ccccc1OC,1
CCN(CCCOc1ccc(-c2coc3cc(OCCCN(CC)Cc4ccccc4OC)cc(O)c3c2=O)cc1)Cc1ccccc1OC,1
CCCCC1=NC2(CCCC2)C(=O)N1Cc1cc2c(cc1C)OCO2,1
O=C(CCCC1CCN(Cc2ccccc2)CC1)c1ccc(N2CCCC2)cc1,1
CCN(CC)C(=O)C1CCN(C(=O)Nc2cccc(Cn3nc(-c4cccc(C#N)c4)ccc3=O)c2)CC1,1
CCN(CCCCCCOc1cccc(-c2cc(=O)c3c(OC)c(OC)c(OC)cc3o2)c1)Cc1ccccc1OC,1
COc1ccc2c3c1O[C@H]1C[C@@H](O)C=C[C@@]31CCN(CCCCCCOC1CCN(Cc3ccccc3)CC1)C2,1
Cc1cccc(CN2CCC(CCC(=O)c3ccc4c(c3)NCCCC4)CC2)c1,1
C#CCNCCc1cn(-c2cc(NC(=S)NCC)ncn2)cn1,1
CN(CCOCCNC(=S)NC(=O)c1ccc(-c2ccccc2)cc1)Cc1ccccc1,1
CCN(CCCCCCNC(=O)c1cc(=O)c2c(O)cc(OC)cc2o1)Cc1ccccc1OC,1
O=C(CNC1CCc2ccccc21)NCCC1CCN(Cc2ccccc2)CC1,1
CCCCC1=NC2(CCCC2)C(=O)N1CCN1C(=O)c2ccccc2C1=O,1
Nc1c2c(nc3ccccc13)C1CCC2C1,1
COc1cc2oc(Cc3cccc(CN4CCCCC4)c3)c(O)c2cc1OC,1
COc1cc2c(cc1OC)C(=O)C(Oc1ccc(C(=O)CN3CCCC3)cc1)C2,1
CCN(CC)C(C)c1ccc(OC(=O)N(C)C)c(OC)c1,1
CCN(CCCNC(=O)COc1ccc(-c2cc(=O)c3c(OC)c(OC)c(OC)cc3o2)cc1)Cc1ccccc1OC,1
CCCCC1=NC2(CCCC2)C(=O)N1Cc1ccc(-c2ccccc2C(=O)OC)cc1,1
COc1cc2c(cc1OC)C(=O)/C(=C/c1ccc(CN3CCCC3)c(O)c1)O2,1
COc1cc2c(cc1OC)C(=O)CC(c1ccc(CN3CCCCC3)cc1)O2,1
S=C(NCCC1CCN(Cc2ccccc2)CC1)Nc1ccccc1,1
COc1cc2oc(-c3cccc(OCCCCN4CCN(C)CC4)c3)cc(=O)c2c(OC)c1OC,1
CCCNC(=O)Oc1cccc(CN(C)CCCOc2ccc3c(=O)ccoc3c2)c1,1
CCNC(=S)Nc1cc(-n2cnc(CNC)c2)ncn1,1
CCN(CCCCN1C(=O)c2ccc([N+](=O)[O-])cc2C1=O)Cc1ccccc1,1
c1ccc2c(NCCCNc3c4c(nc5ccccc35)CCCC4)c3c(nc2c1)CCCC3,1
CCN(CCC1CCN(Cc2ccccc2)CC1)C(=S)NCc1ccccc1,1
c1ccc2c(NCCCCCCCCCCCCNc3ccncc3)c3c(nc2c1)CCCC3,1
CN(C)CCCCCCCCCCCCNc1c2c(nc3ccccc13)CCCC2,1
CN1CC[C@@]2(C)c3cc(OC(=O)Nc4ccccc4Cl)ccc3N(C)[C@@H]12,1
CCN(CCCCCN1C(=O)c2ccc([N+](=O)[O-])cc2C1=O)Cc1ccc(OC)cc1,1
C#CCN(CCCN1C(=O)c2ccccc2C1=O)Cc1ccccc1,1
CCCCC1=NC2(CCCC2)C(=O)N1Cc1ccc(-c2ccccc2C(=O)OC(C)(C)C)cc1,1
CCN(CCCCCN1C(=O)c2ccc([N+](=O)[O-])cc2C1=O)Cc1cccc(OC)c1OC,1
CCNC(=S)Nc1cc(-n2cnc(CNCc3ccccc3)c2)ncn1,1
CCN(CC)CCCc1ccc(OC2Cc3cc(OC)c(OC)cc3C2=O)cc1,1
CCN(CC)CC(=O)c1ccc(OC2Cc3cc(OC)c(OC)cc3C2=O)cc1,1
CCCCC1=NC2(CCCC2)C(=O)N1CC(=O)c1ccc(Cl)cc1,1
C[C@H]1CC(=O)C(C)(C)c2nc3ccccc3c(N)c2C1,1
COc1cc2c(cc1OC)C(=O)/C(=C/c1cccc(CN3CCCC3)c1)O2,1
Nc1c2c(nc3cc(F)ccc13)CCCC2O,1
CCOC1CCCc2nc3ccccc3c(N)c21,1
CCN(CCC1CCN(Cc2ccccc2)CC1)C(=S)NC(=O)c1ccccc1,1
CCNC(=S)Nc1cc(-n2cnc(CN3CCOCC3)c2)ncn1,1
CCN(CCCCCC(=O)c1ccc(N2CCCC2)cc1)Cc1ccccc1,1
COc1ccc2c3c1O[C@H]1C[C@@H](O)C=C[C@@]31CCN(CCCCOC1CCN(Cc3ccccc3)CC1)C2,1
CC1=C[C@H]2Cc3[nH]c(=O)ccc3[C@@]3(C1)[C@@H]2CCCN3C(=O)CN(C)CCCCCCCCCCCCN(C)Cc1ccc(F)cc1,1
CCN(CCCCNC(=O)c1cc(=O)c2c(O)cc(OC)cc2o1)Cc1ccccc1N(C)C,1
CCN(CCCNC(=O)COc1ccc(-c2cc(=O)c3c(O)c(OC)c(OC)cc3o2)cc1)Cc1ccccc1OC,1
NCCCCCCCNc1c2c(nc3ccccc13)CCCC2,1
C#CCN(C)Cc1cn(-c2cc(NC(=S)NCC)ncn2)cn1,1
C[C@@H]1CCC[C@H](C)N1S(=O)(=O)c1ccc(Cl)cc1,1
CCN(CCCCNC(=O)c1cc(=O)c2c(O)cc(OC)cc2o1)Cc1ccccc1OC,1
CCN(CCCOc1cccc(-c2cc(=O)c3c(OC)c(OC)c(OC)cc3o2)c1)Cc1ccccc1OC,1
CCN(CCCCCCN1C(=O)c2ccccc2C1=O)Cc1ccccc1OC,1
O=C(CCC1CCN(Cc2ccccc2F)CC1)c1ccc2c(c1)NCCCC2,1
CC1=C[C@H]2Cc3[nH]c(=O)ccc3[C@@]3(C1)[C@@H]2CCCN3CCCN1CCCN(CCCN2CCC[C@@H]3[C@H]4C=C(C)C[C@]32c2ccc(=O)[nH]c2C4)CC1,1
O=C(CCC1CCN(Cc2cccc(Cl)c2)CC1)c1ccc2c(c1)NCCCC2,1
CCN(C)Cc1ccc(-c2cc(=O)c3cc(OC)c(OC)cc3o2)cc1,1
CCN(CCCCCCOc1ccc(-c2cc(=O)c3c(OC)c(OC)c(OC)cc3o2)cc1)Cc1ccccc1,1
CCN(CC)C(=O)Oc1ccc(-c2cc(=O)c3c(OC)c(OC)c(OC)cc3o2)cc1,1
CCNCc1cn(-c2cc(NC(=S)NCC)ncn2)cn1,1
CCNC(=S)Nc1cc(-n2cnc(C(=O)OC)c2)ncn1,1
CN(CCC1CCN(Cc2ccccc2)CC1)C(=S)NC(=O)c1ccccc1,1
CCN(CCCCCCOc1cc(O)c2c(=O)c(-c3ccc(O)cc3)coc2c1)Cc1ccccc1,1
CCN(CCCCCCNC(=O)COc1ccc(-c2cc(=O)c3c(OC)c(OC)c(OC)cc3o2)cc1)Cc1ccccc1OC,1
C#CCNCc1cn(-c2cc(NC(=S)NCC)ncn2)cn1,1
CCCCC1=NC2(CCCC2)C(=O)N1Cc1ccc(-c2ccccc2-n2nnnc2C(c2ccccc2)(c2ccccc2)c2ccccc2)cc1,1
C[C@@H]1CCC[C@H](C)N1S(=O)(=O)c1ccccc1,1
Cc1ccc(S(=O)(=O)N2[C@H](C)CCC[C@@H]2C)cc1,1
COc1cc2c(cc1OC)C(=O)C(Oc1ccc(C(=O)CN3CCCCC3)cc1)C2,1
COc1ccc2c3c1O[C@H]1C[C@@H](O)C=C[C@@]31CCN(CCCCC(=O)NC13CC4CC(C)(CC(C)(C4)C1)C3)C2,1
CCN(CCCCCCNC(=O)COc1ccc(-c2cc(=O)c3c(O)c(OC)c(OC)cc3o2)cc1)Cc1ccccc1OC,1
CC[C@]12CCN(C)[C@@H]1N(C)c1ccc(OC(=O)Nc3ccccc3)cc12,1
COc1ccccc1CN(C)CCCOc1cccc(-c2cc(=O)c3c(OC)c(OC)c(OC)cc3o2)c1,1
C#CCNCCCc1cn(-c2cc(NC(=S)NCC)ncn2)cn1,1
O=C(CCC1CCN(Cc2cccc([N+](=O)[O-])c2)CC1)c1ccc2c(c1)NCCCC2,1
c1ccc(NCCCCCCCNc2c3c(nc4ccccc24)CCCC3)cc1,1
C#CCN(C)CCc1cn(-c2cc(NC(=S)NCC)ncn2)cn1,1
O=C(CCC1CCN(Cc2ccc(F)cc2)CC1)c1ccc2c(c1)NCCCC2,1
CCC12CCN(C)C1N(C)c1ccc(OC(=O)Nc3ccccc3)cc12,1
CC(C)=CCn1c2c(ccc1=O)C(NCCc1ccc(O)cc1)CCC2,1
CC(=O)c1ccc(NC(=S)NCCC2CCN(Cc3ccccc3)CC2)cc1,1
Cc1ccccc1NC(=S)NCCC1CCN(Cc2ccccc2)CC1,1
CCCCCCCNC(=O)Oc1cccc(CN(CCC)CCCOc2ccc3c(=O)c4ccccc4oc3c2)c1,1
CCN(CCCN1C(=O)c2ccccc2C1=O)Cc1ccccc1OC,1
CC1=C[C@H]2Cc3[nH]c(=O)ccc3[C@@]3(C1)[C@@H]2CCCN3CCN1CCN(CN2CCC[C@@H]3[C@H]4C=C(C)C[C@]32c2ccc(=O)[nH]c2C4)CC1,1
CC1=CC2Cc3[nH]c(=O)ccc3[C@@]3(C1)[C@@H]2CCCN3CCN1CCN(CC[N+]2(C(=O)CN)CCC[C@@H]3C4C=C(C)C[C@]32c2ccc(=O)[nH]c2C4)CC1,1
CCN(CCCNC(=O)c1cc(=O)c2c(O)cccc2o1)Cc1ccccc1OC,1
Nc1c2c(nc3ccccc13)C(O)CCC2,1
COc1cc2c(cc1OC)C(=O)C(Oc1ccc(CCCCN3CCCC3)cc1)C2,1
CC1=C[C@H]2Cc3[nH]c(=O)ccc3[C@@]3(C1)[C@@H]2CCCN3CCN(C)CCCN(C)CCN1CCC[C@@H]2[C@H]3C=C(C)C[C@]21c1ccc(=O)[nH]c1C3,1
CN(C(=S)NCCC1CCN(Cc2ccccc2)CC1)c1ccccc1,1
CCNC(=S)Nc1cc(-n2cnc(CNC3CCCCC3)c2)ncn1,1
CCN(CC)Cc1ccc(Cc2oc3cc(OC)c(OC)cc3c2O)cc1,1
CN1CC[C@@]2(C)c3cc(OC(=O)Nc4cccc(C#N)c4)ccc3N(C)[C@@H]12,1
COc1ccccc1CN(C)CCCCCCOc1ccc(-c2cc(=O)c3c(OC)c(OC)c(OC)cc3o2)cc1,1
CN1c2ccccc2C(NCCCCCCC(=O)NCCCCCCCCNc2c3c(nc4cc(Cl)ccc24)CCCC3)c2ccc(Cl)cc2S1(=O)=O,1
C#CCN(C)CCCc1cn(-c2cc(NC(=S)NCC)ncn2)cn1,1
CCN(CC)C(=O)C1CCN(C(=O)Nc2cccc(Cn3nc(-c4ccc5ccccc5c4)ccc3=O)c2)CC1,1
C[C@@H]1CCC[C@H](C)N1S(=O)(=O)c1ccc(C(C)(C)C)cc1,1
CCN(CCCOc1cc(O)c2c(=O)c(-c3ccc(O)cc3)coc2c1)Cc1ccccc1OC,1
CC1=C[C@H]2Cc3[nH]c(=O)ccc3[C@@]3(C1)[C@@H]2CCCN3C(=O)CN(C)CCCN(C)CC(=O)N1CCC[C@@H]2[C@H]3C=C(C)C[C@]21c1ccc(=O)[nH]c1C3,1
CC1=CC2Cc3[nH]c(=O)ccc3[C@@]3(C1)[C@@H]2CCCN3C(=O)CN(C)CCCN(C)CC(=O)N1CCC[C@@H]2C3C=C(C)C[C@]21c1ccc(=O)[nH]c1C3,1
CCN(C)C(=O)C1CCN(C(=O)Nc2cccc(Cn3nc(Nc4ccccc4C)ccc3=O)c2)CC1,1
CN(CCCCCCN1C(=O)c2ccc([N+](=O)[O-])cc2C1=O)Cc1ccccc1,1
Nc1nc2ccccc2nc1NCc1ccc(CN2CCCCC2)cc1,1
CCN(CC)CCCCc1ccc(OC2Cc3cc(OC)c(OC)cc3C2=O)cc1,1
C#CCN1CCN(Cc2cn(-c3cc(NC(=S)NCC)ncn3)cn2)CC1,1
C#CCN(CC)Cc1cn(-c2cc(NC(=S)NCC)ncn2)cn1,1
Nc1c2c(nc3ccccc13)CC(O)CC2,1
C#CCN(CCC)Cc1cn(-c2cc(NC(=S)NCC)ncn2)cn1,1
Nc1c2c(nc3ccccc13)CCCC2c1cccs1,1
S=C(NCCC1CCN(Cc2ccccc2)CC1)Nc1cccnc1,1
C#CCN1CCN(Cc2ccc(OC(=O)N(C)C)c3ncccc23)CC1,1
C#CCN(C)Cc1ccc(OC(=O)N(C)C)c2ncccc12,1
CC(C)=CCn1c2c(ccc1=O)C(NCCc1ccc(Cl)c(Cl)c1)CCC2,1
CCN(CCCCCCOc1ccc(-c2coc3cc(OCCCCCCN(CC)Cc4ccccc4OC)cc(O)c3c2=O)cc1)Cc1ccccc1OC,1
C#CCN(Cc1cn(-c2cc(NC(=S)NCC)ncn2)cn1)C(C)=O,1
CC(C)=CCn1c2c(ccc1=O)C(NCCc1cccc(Cl)c1)CCC2,1
CC(C)=CCn1c2c(ccc1=O)C(NCCc1ccccc1Cl)CCC2,1
COc1cc2c(cc1OC)C(=O)C(Oc1ccc(C(=O)CCCN3CCCCC3)cc1)C2,1
CCN(CCCCCCOc1cc(O)c2c(=O)c(-c3ccc(O)cc3)coc2c1)Cc1ccccc1OC,1
CCN(CCCCCN(C(C)=O)C(=O)/C=C/c1ccc([N+](=O)[O-])cc1)Cc1ccccc1,1
COc1cccc2c1C(=O)c1c(OC)cc(C[N+](C)(C)C)cc1C2=O,1
CCN(CC)Cc1cccc(-c2coc3cc(OC)c(OC)cc3c2=O)c1,1
CCN(CCCCNC(=O)c1cc(O)c(C(=O)NCCCCN(CC)Cc2ccccc2OC)cc1O)Cc1ccccc1OC,1
COc1ccccc1CN(C)CCCCOc1ccc(-c2cc(=O)c3c(OC)c(OC)c(OC)cc3o2)cc1,1
CCN(CC)C(=O)Oc1ccc(-c2cc(=O)c3c(O)c(OC)c(OC)cc3o2)cc1,1
CCN(CCNC(=O)COc1ccc(-c2cc(=O)c3c(OC)c(OC)c(OC)cc3o2)cc1)Cc1ccccc1,1
C#CCN(Cc1ccccc1)Cc1cn(-c2cc(NC(=S)NCC)ncn2)cn1,1
COc1ccc(OCCCCCN[C@H]2CCCc3[nH]c(=O)ccc32)cc1OC,1
C#CCN(CC#N)CCc1cn(-c2cc(NC(=S)NCC)ncn2)cn1,1
CCN(CC)Cc1ccc(-c2coc3cc(OC)c(OC)cc3c2=O)cc1,1
COc1ccccc1CN(C)CCCCCCN1C(=O)c2ccccc2C1=O,1
CCN(CCCCN1C(=O)c2ccccc2C1=O)Cc1ccccc1,1
CCN(CCCCCCN1C(=O)c2ccc([N+](=O)[O-])cc2C1=O)Cc1ccccc1,1
CCN(CC)C(=O)C1CCN(C(=O)Nc2cccc(Cn3nc(Nc4c(C)cccc4C)ccc3=O)c2)CC1,1
CCNC(=S)Nc1cc(-n2cnc(Cl)c2)ncn1,1
COc1cc2oc(Cc3ccc(CN4CCCC4)cc3)c(O)c2cc1OC,1
CCN(CCCCOc1ccc(-c2cc(=O)c3c(O)c(OC)c(OC)cc3o2)cc1)Cc1ccccc1OC,1
CCN(CC)C(=O)C1CCN(C(=O)Nc2cccc(Cn3nc(-c4cccc(Br)c4)ccc3=O)c2)CC1,1
CCNC(=S)Nc1cc(-n2cnc(I)c2)ncn1,1
CCN(CC)Cc1ccc(-c2cc(=O)c3cc(OC)c(OC)cc3o2)cc1,1
COc1cc2c(cc1OC)C(=O)C(Oc1ccc(CCCN3CCCCC3)cc1)C2,1
C=C[C@@]12CCN(C)[C@@H]1N(C)c1ccc(OC(=O)Nc3ccccc3)cc12,1
CCN(CC)C(=O)C1CCN(C(=O)Nc2cccc(Cn3nc(-c4cccc(Cl)c4)ccc3=O)c2)CC1,1
COc1ccc(CN2CCCCC2)cc1OC(=O)N(C)C,1
COc1ccc(C(=O)NCC(=O)NCCC2CCN(Cc3ccccc3)CC2)cc1OC,1
CCN(CCCNC(=O)c1cc(O)c(C(=O)NCCCN(CC)Cc2ccccc2OC)cc1O)Cc1ccccc1OC,1
C#CCN(CCCC)Cc1cn(-c2cc(NC(=S)NCC)ncn2)cn1,1
CC1=C[C@H]2Cc3[nH]c(=O)ccc3[C@@]3(C1)[C@@H]2CCCN3CCN(CCN1CCC[C@@H]2[C@H]3C=C(C)C[C@]21c1ccc(=O)[nH]c1C3)C1CC1,1
COc1ccc2c3c1O[C@H]1C[C@@H](O)C=C[C@@]31CCN(CCCCNC13CC4CC(C)(CC(C)(C4)C1)C3)C2,1
COc1cccc(C(=O)NC(=S)NCCC2CCN(Cc3ccccc3)CC2)c1,1
O=[N+]([O-])c1cccc(NC(=S)NCCC2CCN(Cc3ccccc3)CC2)c1,1
CCN(C)Cc1cccc(/C=C2\Oc3cc(OC)c(OC)cc3C2=O)c1,1
COc1cc2oc(-c3cccc(CN4CCCC4)c3)cc(=O)c2cc1OC,1
C#CCN(CC#N)Cc1cn(-c2cc(NC(=S)NCC)ncn2)cn1,1
CCN(C)CCc1cccc(OC2Cc3cc(OC)c(OC)cc3C2=O)c1,1
c1ccc2c(NCCNc3c4c(nc5ccccc35)CCCC4)c3c(nc2c1)CCCC3,1
C#CCN(CC#C)Cc1cn(-c2cc(NC(=S)NCC)ncn2)cn1,1
CC(C)c1cccc(C(C)C)c1NC(=O)Oc1ccc2c(c1)[C@]1(C)CCN(C)[C@@H]1N2C,1
CCN(CC)C(=O)C1CCN(C(=O)Nc2cccc(Cn3nc(-c4cccc(C)c4)ccc3=O)c2)CC1,1
Nc1nc2ccccc2nc1/N=C/c1ccc(CN2CCCCC2)cc1,1
C=CC12CCN(C)C1N(C)c1ccc(OC(=O)Nc3ccccc3)cc12,1
CCN(CCCCNC(=O)COc1ccc(-c2cc(=O)c3c(OC)c(OC)c(OC)cc3o2)cc1)Cc1ccccc1,1
CCN(CCCCCN1C(=O)c2ccc([N+](=O)[O-])cc2C1=O)CCc1ccccc1,1
CC(C)=CCn1c2c(ccc1=O)C(NCCc1ccc(Cl)cc1Cl)CCC2,1
CC(C)=CCn1c2c(ccc1=O)C(NCCc1ccc(Cl)c(C(F)(F)F)c1)CCC2,1
CC(C)=CCn1c2c(ccc1=O)C(NCCc1cc(Cl)cc(Cl)c1)CCC2,1
CCN(CCCCOc1cccc(-c2cc(=O)c3c(OC)c(OC)c(OC)cc3o2)c1)Cc1ccccc1OC,1
CCN(CCCCOc1ccc(-c2cc(=O)c3c(OC)c(OC)c(OC)cc3o2)cc1)Cc1ccccc1,1
COc1ccccc1CN1CCC(CCC(=O)c2ccc3c(c2)CCN3)CC1,1
CC(C)[C@H]1CCc2c(nc3ccccc3c2N)C1,1
COc1ccc(NC(=S)NCCC2CCN(CC3CCCCC3)CC2)cc1OC,1
OC1CCCc2nc3cc(Cl)ccc3c(NCc3ccc(F)cc3)c21,1
CCN(CCCCOc1cc(O)c2c(=O)c(-c3ccc(O)cc3)coc2c1)Cc1ccccc1OC,1
COc1cc2c(cc1OC)C(=O)C(Oc1cccc(C(=O)CCN3CCCC3)c1)C2,1
COc1cccc(CN2CCC(CCC(=O)c3ccc4c(c3)NCCCC4)CC2)c1,1
Fc1ccccc1NC(=S)NCCC1CCN(Cc2ccccc2)CC1,1
O=C(CCC1CCN(Cc2ccccc2)CC1)c1ccc2c(c1)N(Cc1ccccc1)CC2,1
O=C(CNC1c2ccccc2-c2[nH]c3ccccc3c21)NCCC1CCN(Cc2ccccc2)CC1,1
CCN(CCCCCCNC(=O)c1cc(=O)c2c(O)cc(O)cc2o1)Cc1ccccc1OC,1
CCN(CCCNC(=O)c1cc(=O)c2c(O)cc(OC)cc2o1)Cc1ccccc1OC,1
Nc1nc2ccccc2nc1C(=O)Nc1ccc(CN2CCCCC2)cc1,1
CCN(CCN1C(=O)c2ccccc2C1=O)Cc1ccccc1OC,1
CCN(CCCCOc1ccc(-c2coc3cc(OCCCCN(CC)Cc4ccccc4)cc(O)c3c2=O)cc1)Cc1ccccc1,1
CCN(CCCCNC(=O)c1cc(=O)c2c(O)cc(N(C)C)cc2o1)Cc1ccccc1OC,1
CN1CC[C@@]2(C)c3cc(OC(=O)Nc4ccc(Cl)cc4)ccc3N(C)[C@@H]12,1
CCN(CCCCCCOc1ccc(OC)c(OC)c1)Cc1ccccc1OC,1
CCNC(=S)Nc1cc(-n2cnc(C(F)(F)F)c2)ncn1,1
COc1ccccc1CN(C)CCCCCCOc1cccc(-c2cc(=O)c3c(OC)c(OC)c(OC)cc3o2)c1,1
CCNC(=S)Nc1cc(-n2cnc(Br)c2)ncn1,1
CC(C)=CCn1c2c(ccc1=O)C(NCCc1ccc(F)c(F)c1)CCC2,1
COc1cc2oc(-c3ccc(OCCCCCCN(C)Cc4ccccc4)cc3)cc(=O)c2c(OC)c1OC,1
CCNC(=S)Nc1cc(-n2cnc(CO)c2)ncn1,1
Cc1cc(-c2ccc3c(c2)OCO3)nnc1NCCN1CCCCC1,1
CN(CCOCCNC(=S)Nc1ccc(OC(F)(F)F)cc1)Cc1ccccc1,1
CC1=C[C@H]2Cc3[nH]c(=O)ccc3[C@@]3(C1)[C@@H]2CCCN3C(=O)CN(CC(=O)N1CCC[C@@H]2[C@H]3C=C(C)C[C@]21c1ccc(=O)[nH]c1C3)C1CC1,0
CCCN(CCN1CCC[C@@H]2[C@H]3C=C(C)C[C@]21c1ccc(=O)[nH]c1C3)CCN1CCC[C@@H]2[C@H]3C=C(C)C[C@]21c1ccc(=O)[nH]c1C3,0
CC1=C[C@H]2Cc3[nH]c(=O)ccc3[C@@]3(C1)[C@@H]2CCCN3C(=O)CN(C)CCN(C)CC(=O)N1CCC[C@@H]2[C@H]3C=C(C)C[C@]21c1ccc(=O)[nH]c1C3,0
CC1=CC2Cc3[nH]c(=O)ccc3[C@@]3(C1)[C@@H]2CCCN3C(=O)CN(C)CCN(C)CC(=O)N1CCC[C@@H]2C3C=C(C)C[C@]21c1ccc(=O)[nH]c1C3,0
COc1cc2oc(-c3ccc(OC(=O)N4CCN(Cc5ccccc5)CC4)cc3)cc(=O)c2c(OC)c1OC,0
CCCn1c2c(ccc1=O)C(NCCc1ccc(Cl)c(Cl)c1)CCC2,0
CCCN(CCC)C(=O)c1cc(C(=O)N[C@@H](Cc2ccccc2)[C@H](O)CNCCC2CCN(Cc3ccccc3)CC2)cc(N(C)S(C)(=O)=O)c1,0
CCNC(=S)Nc1cc(-n2cncn2)ncn1,0
CCN(CCCCCCCc1ccc(OC)c(OC)c1)Cc1ccccc1OC,0
CCN(CC)Cc1cccc(Cc2oc3cc(OC)c(OC)cc3c2O)c1,0
COc1cc2oc(-c3ccc(OCCCCN4CCN(C)CC4)cc3)cc(=O)c2c(OC)c1OC,0
CCN(CCCCCN1C(=O)c2ccc([N+](=O)[O-])cc2C1=O)CC1CCCCC1,0
c1cc(-c2ccc(CN3CCCCC3)cc2)ccc1CCN1CCCCC1,0
COc1cccc(CCNC2CCCc3c2ccc(=O)n3CC=C(C)C)c1,0
CN(CCOCCCNC(=S)NC(=O)c1ccccc1)Cc1ccccc1,0
O=C(NCCC1CCN(Cc2ccccc2)CC1)Nc1ccccc1,0
CCN(CCCN1C(=O)c2ccccc2C1=O)Cc1ccccc1,0
CCN(CCCCNC(=O)c1cc(=O)c2c(O)cc(O)cc2o1)Cc1ccccc1OC,0
C[C@@H](NC(=O)c1cc(C(=O)NC(Cc2ccccc2)C(O)C(=O)NCCC2CCN(Cc3ccccc3)CC2)cc(N(C)S(C)(=O)=O)c1)c1ccccc1,0
Cc1ccc2[nH]cc(CCCCN3CCN(c4cccc5nc6c(c(N)c45)CCCC6)CC3)c2c1,0
Nc1nc2ccccc2nc1NCC(=O)Nc1ccc(CN2CCCCC2)cc1,0
Nc1nc2ccccc2nc1NCC(=O)Nc1ccc(CN2CCCC2)cc1,0
CCN(CC)Cc1cccc(/C=C2\Oc3cc(OC)c(OC)cc3C2=O)c1,0
COc1cc2oc(-c3cccc(OCCN4CCN(Cc5ccccc5)CC4)c3)cc(=O)c2c(OC)c1OC,0
CCN(CCCCCCOc1ccc(-c2cc(=O)c3c(O)c(OC)c(OC)cc3o2)cc1)Cc1ccccc1OC,0
C[C@@H]1CCC[C@H](C)N1S(=O)(=O)c1ccc([N+](=O)[O-])cc1,0
COc1cc2c(cc1OC)C(=O)CC(c1ccc(CN3CCCC3)cc1)O2,0
C=CC[C@]12CCN(C)[C@@H]1N(C)c1ccc(OC(=O)Nc3ccccc3)cc12,0
CCCN(CCC)C(=O)c1cc(C(=O)N[C@@H](Cc2ccccc2)[C@H](O)CNCCC2CCN(Cc3ccccc3)CC2)cc([N+](=O)[O-])c1,0
CCN(CCCCCCOc1cccc(-c2cc(=O)c3c(O)c(OC)c(OC)cc3o2)c1)Cc1ccccc1OC,0
Fc1ccc2c(C3CCN(CCN4CCCCC4)CC3)noc2c1,0
OC1CCCc2nc3cc(Cl)ccc3c(NCc3ccccc3)c21,0
Cc1cc(-c2ccc(Cl)cc2)nnc1NCCN1CCCCC1,0
Nc1nc2ccccc2nc1NCC(=O)NC1CCN(Cc2ccccc2)CC1,0
C#CCN(CC)CCc1cn(-c2cc(NC(=S)NCC)ncn2)cn1,0
C[C@@H](NC(=O)c1cc(C(=O)N[C@@H](Cc2ccccc2)[C@H](O)CNCCC2CCN(Cc3ccccc3)CC2)cc(N(C)S(C)(=O)=O)c1)c1ccc(F)cc1,0
C[C@H]1CC[C@H](C(C)(C)C)c2nc3ccccc3c(N)c21,0
CC(C)=CCn1c2c(ccc1=O)C(NCCc1cc(Cl)ccc1Cl)CCC2,0
CN(CCCCCN1C(=O)c2ccc([N+](=O)[O-])cc2C1=O)Cc1ccccc1,0
N#Cc1ccc2[nH]cc(C(=O)CCCN3CCN(c4cccc5nc6c(c(N)c45)CCCC6)CC3)c2c1,0
COc1ccccc1CN(C)CCCCNC(=O)c1cc(=O)c2c(O)cccc2o1,0
CN(Cc1ccc(-c2ccc(CN3CCCCC3)cc2)cc1)C1CCCCC1,0
C[C@@H]1CCc2c(nc3ccccc3c2N)C1,0
CCN(CCCCNC(=O)c1cc(=O)c2c(O)cc(N(C)C)cc2o1)Cc1ccccc1N(C)C,0
C[C@@H](NC(=O)c1cc(C(=O)NC(Cc2ccccc2)C(O)C(=O)NCCC2CCN(Cc3ccccc3)CC2)cc(N(C)S(C)(=O)=O)c1)c1ccc(F)cc1,0
CN(CCOCCNC(=S)NC1CCCCC1)Cc1ccccc1,0
O=C(NCCC1CCN(Cc2ccccc2)CC1)NCc1ccccc1,0
CC1CCN(Cc2ccc(-c3ccc(CN4CCCCC4)cc3)cc2)CC1,0
CCN(CC)C(=O)C1CCN(C(=O)Nc2cccc(Cn3nc(Nc4cccc(C)c4)ccc3=O)c2)CC1,0
COc1ccc(C(C)N2CCCCC2)cc1OC(=O)N(C)C,0
CCN(CCCOc1cc(O)c2c(=O)c(-c3ccc(O)cc3)coc2c1)Cc1ccccc1,0
COc1cc2oc(-c3ccc(OCCCCN(C)Cc4ccccc4)cc3)cc(=O)c2c(OC)c1OC,0
Nc1c2c(nc3cccc(N4CCN(CCCCc5c[nH]c6ccccc56)CC4)c13)CCCC2,0
COc1ccccc1CN(C)CCNC(=O)COc1ccc(-c2cc(=O)c3c(OC)c(OC)c(OC)cc3o2)cc1,0
CCN(CCCCOc1ccc(-c2coc3cc(O)cc(O)c3c2=O)cc1)Cc1ccccc1OC,0
CCCN(CCC)Cc1ccc(-c2ccc(CN3CCCCC3)cc2)cc1,0
CCN(CC)Cc1ccc(OC)c(OC(=O)N(C)C)c1,0
O=C(CCC1CCN(Cc2ccccc2)CC1)c1ccc2c(c1)N(Cc1ccccc1)CCC2,0
Nc1nc2ccccc2nc1C(=O)Nc1ccc(CN2CCCC2)cc1,0
COc1ccc(NC(=S)NCCOCCN(C)Cc2cccc([N+](=O)[O-])c2)cc1OC,0
CCN(CC)C(=O)C1CCN(C(=O)Nc2cccc(Cn3nc(Nc4ccccc4C(C)C)ccc3=O)c2)CC1,0
CCN(C)Cc1cccc(Cc2oc3cc(OC)c(OC)cc3c2O)c1,0
CCN(C)C(=O)Oc1ccc(-c2cc(=O)c3c(OC)c(OC)c(OC)cc3o2)cc1,0
COc1cc2c(cc1OC)C(=O)C(Oc1cccc(CCN3CCCCC3)c1)C2,0
CCN(CCCOc1cccc(-c2cc(=O)c3c(O)c(OC)c(OC)cc3o2)c1)Cc1ccccc1OC,0
COc1ccccc1CN(C)CCCNC(=O)COc1ccc(-c2cc(=O)c3c(OC)c(OC)c(OC)cc3o2)cc1,0
COc1cc(O)c2c(=O)cc(C(=O)NCCCCCCN(C)Cc3ccccc3OC)oc2c1,0
COc1ccccc1CN(C)CCCCCCOc1cccc(-c2cc(=O)c3c(O)c(OC)c(OC)cc3o2)c1,0
CCNC(=S)Nc1cc(-n2ccnc2)ncn1,0
Nc1nc2ccccc2nc1NCCOc1ccc(CN2CCCCC2)cc1,0
CCN(CC)Cc1cccc(/C=C/C(=O)c2cc(OC)c(OC)cc2O)c1,0
COc1ccc2[nH]cc(CCCCN3CCN(c4cccc5nc6c(c(N)c45)CCCC6)CC3)c2c1,0
COc1ccc(CCNC2CCCc3c2ccc(=O)n3CC=C(C)C)cc1OC,0
CN(Cc1ccc(-c2ccc(CN(C)C3CCCCC3)cc2)cc1)C1CCCCC1,0
CCN(CC)C(=O)C1CCN(C(=O)Nc2cccc(Cn3nc(-c4ccccc4)ccc3=O)c2)CC1,0
CCCN(CCC)C(=O)c1cc(C(=O)NC(Cc2ccccc2)C(O)C(=O)NCCC2CCN(Cc3ccccc3)CC2)cc([N+](=O)[O-])c1,0
CCN(CCCCCCNC(=O)c1cc(O)c(C(=O)NCCCCCCN(CC)Cc2ccccc2OC)cc1O)Cc1ccccc1OC,0
CCN(CCCCCCOc1ccc(-c2coc3cc(O)cc(O)c3c2=O)cc1)Cc1ccccc1OC,0
CCN(CCCCCCNC(=O)c1cc(=O)c2c(O)cc(OC)cc2o1)Cc1ccccc1,0
COc1cc(CN2CCOCC2)ccc1OC(=O)N(C)C,0
N#Cc1ccc2[nH]cc(CCCCN3CCN(c4cccc5nc6c(c(N)c45)CCCC6)CC3)c2c1,0
CNc1c2c(nc3ccccc13)CCCC2O,0
COc1ccccc1CN(C)CCCOc1ccc(-c2cc(=O)c3c(OC)c(OC)c(OC)cc3o2)cc1,0
Nc1c2c(nc3cc(C(F)(F)F)ccc13)CCCC2O,0
Nc1c2c(nc3ccccc13)CCC(O)C2,0
COc1cc2c(cc1OC)C(=O)C(Oc1cccc(CCN3CCCC3)c1)C2,0
CN(CCOCCNC(=S)Nc1ccc(Cl)cc1)Cc1ccccc1,0
COc1cc(/C=C/C(=O)N2CCC(Cc3ccccc3)CC2)ccc1OCCCCN1CCc2ccccc2C1,0
COc1cc2oc(-c3ccc(OCCCN4CCN(Cc5ccccc5)CC4)cc3)cc(=O)c2c(OC)c1OC,0
CCN(CCCCNC(=O)c1cc(=O)c2c(O)cc(OC)cc2o1)Cc1ccccc1,0
N#Cc1ccc2[nH]cc(CCCN3CCN(c4cccc5nc6c(c(N)c45)CCCC6)CC3)c2c1,0
C[C@@H](NC(=O)c1cc(C(=O)N[C@@H](Cc2ccccc2)[C@H](O)CNCCC2CCN(Cc3ccccc3)CC2)cc(N(C)S(C)(=O)=O)c1)c1ccccc1,0
COc1cc2c(cc1OC)C(=O)C(CCCCCCCN[C@H]1CCCc3[nH]c(=O)ccc31)C2,0
C=C[C@H]1[C@@H](C(C=O)C(=O)OC)C[C@H]2c3[nH]c4ccccc4c3CCN2[C@H]1O[C@H]1O[C@@H](CO)[C@H](O)[C@@H](O)[C@@H]1O,0
COc1cc(/C=C/C(=O)N2CCC(Cc3ccccc3)CC2)ccc1OCCCN1CCc2ccccc2C1,0
COc1ccccc1CN1CCC(CCC(=O)c2ccc(N3CCCC3)cc2)CC1,0
O=C1CCc2ccc(OCCCCCCN3CCC(Cc4ccccc4)CC3)cc2N1,0
CCCCOC1CCCc2nc3ccccc3c(N)c21,0
Clc1ccc2c(c1)N=C1CCCCCN1C2,0
COc1ccc(C(C)N2CCCC2)cc1OC(=O)N(C)C,0
Nc1nc2ccccc2nc1NCCCOc1ccc(CN2CCCCC2)cc1,0
CC1(C)[C@H]2Cc3c(nc4ccccc4c3N)[C@@H]1C2,0
COc1ccccc1CN(C)CCNC(=O)COc1ccc(-c2cc(=O)c3c(O)c(OC)c(OC)cc3o2)cc1,0
N#Cc1ccc2[nH]cc(C(=O)CCCN3CCN(c4ccc5c(N)c6c(nc5c4)CCCC6)CC3)c2c1,0
COc1ccc2c(N)c3c(nc2c1)CCCC3O,0
CCN(CC)C(=O)C1CCN(C(=O)Nc2cccc(Cn3nc(-c4ccc(C)cc4)ccc3=O)c2)CC1,0
CCN(CCCCCCOc1cccc(-c2cc(=O)c3c(OC)c(OC)c(OC)cc3o2)c1)Cc1ccccc1,0
CCN(CCCOc1ccc(-c2cc(=O)c3c(OC)c(OC)c(OC)cc3o2)cc1)Cc1ccccc1,0
CCN(CC)CCc1cccc(OC2Cc3cc(OC)c(OC)cc3C2=O)c1,0
C[C@@H](NC(=O)c1cc(C(=O)N[C@@H](Cc2ccccc2)[C@H](O)CNCCC2CCN(Cc3ccccc3)CC2)cc([N+](=O)[O-])c1)c1ccc(F)cc1,0
COc1ccc(NC(=S)NCCC2CCN(Cc3ccc([N+](=O)[O-])cc3)CC2)cc1OC,0
CCN(C)C(=O)Oc1ccc(-c2cc(=O)c3c(O)c(OC)c(OC)cc3o2)cc1,0
N#Cc1ccc2[nH]cc(CCN3CCN(c4cccc5nc6c(c(N)c45)CCCC6)CC3)c2c1,0
CCN(CCCOc1ccc(-c2cc(=O)c3c(O)c(OC)c(OC)cc3o2)cc1)Cc1ccccc1OC,0
COc1cc2oc(-c3cccc(OCCCCCCN(C)Cc4ccccc4)c3)cc(=O)c2c(OC)c1OC,0
N#Cc1cccc(NC(=S)NCCC2CCN(CC3CCCCC3)CC2)c1,0
COC(=O)c1ccc2[nH]cc(CCCCN3CCN(c4cccc5nc6c(c(N)c45)CCCC6)CC3)c2c1,0
CCCN(CCC)C(=O)c1cccc(C(=O)N[C@@H](Cc2ccccc2)[C@H](O)CNCCC2CCN(Cc3ccccc3)CC2)c1,0
COc1ccccc1CN(C)CCCCNC(=O)COc1ccc(-c2cc(=O)c3c(O)c(OC)c(OC)cc3o2)cc1,0
CN(CCOCCNC(=O)Nc1ccc([N+](=O)[O-])cc1)Cc1ccccc1,0
CCN(CCCCCN(C(C)=O)C(=O)/C=C/c1ccccc1)Cc1ccccc1,0
N#Cc1ccc2[nH]cc(CCCCN3CCN(c4cccc5c(N)c6c(nc45)CCCC6)CC3)c2c1,0
CC(C)CCn1c2c(ccc1=O)C(NCCc1ccc(Cl)c(Cl)c1)CCC2,0
CCN(CCCCOc1cccc(-c2cc(=O)c3c(OC)c(OC)c(OC)cc3o2)c1)Cc1ccccc1,0
N#Cc1ccc2[nH]cc(CCCCN3CCN(c4cccc5nc6c(c(N)c45)CCC6)CC3)c2c1,0
CCN(CC)CCC(=O)c1cccc(OC2Cc3cc(OC)c(OC)cc3C2=O)c1,0
CCN(CCNC(=O)COc1ccc(-c2cc(=O)c3c(OC)c(OC)c(OC)cc3o2)cc1)Cc1ccccc1OC,0
CC1CC(C)CN(Cc2ccc(-c3ccc(CN4CCCCC4)cc3)cc2)C1,0
CCN(CCCCCCOc1ccc2c(c1)NC(=O)CC2)Cc1ccccc1,0
CCN(CCCCOc1cccc(-c2cc(=O)c3c(O)c(OC)c(OC)cc3o2)c1)Cc1ccccc1OC,0
CCN(CCCCOc1cc(O)c2c(=O)c(-c3ccc(O)cc3)coc2c1)Cc1ccccc1,0
CC(C)N1CCN(CCCCCCOc2ccc3c(c2)NC(=O)CC3)CC1,0
CC(C)[C@@H]1Cc2nc3ccccc3c(N)c2C1,0
FC(F)(F)Oc1ccc(NC(=S)NCCC2CCN(CC3CCCCC3)CC2)cc1,0
N=C(NCCC1CCN(Cc2ccccc2)CC1)Nc1ccccc1,0
C[C@@H](NC(=O)c1cc(C(=O)N[C@@H](Cc2ccccc2)[C@H](O)CNCCC2CCN(Cc3ccccc3)CC2)cc([N+](=O)[O-])c1)c1ccccc1,0
COc1cc2oc(-c3ccc(OCCCCN4CCN(Cc5ccccc5)CC4)cc3)cc(=O)c2c(OC)c1OC,0
COc1ccccc1CN(C)CCCNC(=O)COc1ccc(-c2cc(=O)c3c(O)c(OC)c(OC)cc3o2)cc1,0
COc1cc2c(cc1OC)C(=O)C(CCCCCCCCCN[C@H]1CCCc3[nH]c(=O)ccc31)C2,0
CCN(CC)C(=O)C1CCN(C(=O)Nc2cccc(Cn3nc(-c4ccccc4C)ccc3=O)c2)CC1,0
COc1ccccc1CN(C)CCCCOc1cccc(-c2cc(=O)c3c(OC)c(OC)c(OC)cc3o2)c1,0
C[C@@H]1c2c(nc3ccccc3c2N)[C@H]2C[C@@H]1C2(C)C,0
COc1ccccc1CN1CCC(CCC(=O)c2ccc3c(c2)NCCCC3)CC1,0
COc1cc2oc(-c3ccc(OCCCN(C)Cc4ccccc4)cc3)cc(=O)c2c(OC)c1OC,0
CCCN(CCCCCN1C(=O)c2ccc([N+](=O)[O-])cc2C1=O)Cc1ccccc1,0
COc1cccc(CN2CCC(CCC(=O)c3ccc4c(c3)CCN4)CC2)c1,0
CCN(CC)C(C)c1ccc(OC)c(OC(=O)N(C)C)c1,0
CCN(CCCCCCNC(=O)COc1ccc(-c2cc(=O)c3c(OC)c(OC)c(OC)cc3o2)cc1)Cc1ccccc1,0
COc1ccc(CN2CCCC2)cc1OC(=O)N(C)C,0
COc1cc(O)c2c(=O)cc(C(=O)NCCCCN(C)Cc3ccccc3OC)oc2c1,0
N#Cc1ccc2[nH]cc(C(=O)CCCN3CCN(c4ccc5nc6c(c(N)c5c4)CCCC6)CC3)c2c1,0
Cn1c2c(ccc1=O)C(NCCc1ccc(Cl)c(Cl)c1)CCC2,0
Fc1c(F)c(F)c(NC(=S)NCCC2CCN(Cc3ccccc3)CC2)c(F)c1F,0
CN(CCC1CCN(Cc2ccccc2)CC1)C(=S)Nc1ccccc1,0
O=C1c2ccc([N+](=O)[O-])cc2C(=O)N1CC1CCN(Cc2ccccc2)CC1,0
CCN(CCCCCNC(=O)/C=C/c1ccc([N+](=O)[O-])cc1)Cc1ccccc1,0
COc1cc(O)c2c(=O)cc(C(=O)NCCCCCCN(C)Cc3ccccc3)oc2c1,0
C[C@@H](NC(=O)c1cccc(C(=O)N[C@@H](Cc2ccccc2)[C@H](O)CNCCC2CCN(Cc3ccccc3)CC2)c1)c1ccccc1,0
COc1ccc2c3c1C[C@H]1C[C@@H](O)C=CC31CCN(C)C2,0
COc1cc2oc(-c3cccc(OCCCN4CCN(Cc5ccccc5)CC4)c3)cc(=O)c2c(OC)c1OC,0
CCCn1c2c(ccc1=O)C(NCCc1ccccc1)CCC2,0
CCCn1c2c(ccc1=O)C(NCCc1c[nH]c3ccccc13)CCC2,0
CN(Cc1ccccc1)Cc1ccc(-c2ccc(CN3CCCCC3)cc2)cc1,0
COc1ccccc1CN(C)CCCCCCOc1cc(O)c2c(=O)c(-c3ccc(O)cc3)coc2c1,0
CC(C)N1CCN(CCCCCOc2ccc3c(c2)NC(=O)CC3)CC1,0
COc1cc(/C=C/C(=O)N2CCC(Cc3ccccc3)CC2)ccc1OCCCCCN1CCc2ccccc2C1,0
COc1ccccc1CN(C)CCOc1cccc(-c2cc(=O)c3c(OC)c(OC)c(OC)cc3o2)c1,0
CCNC(=S)Nc1cc(-n2cnc(C)c2)ncn1,0
CCNC(=S)Nc1cc(N2CCN(C)CC2)ncn1,0
CCN(CC)C(=O)C1CCN(C(=O)Nc2cccc(Cn3nc(Nc4ccccc4)ccc3=O)c2)CC1,0
CCN(CCCNC(=O)COc1ccc(-c2cc(=O)c3c(OC)c(OC)c(OC)cc3o2)cc1)Cc1ccccc1,0
N#Cc1ccc2[nH]cc(C(=O)CCCN3CCN(c4cccc5c(N)c6c(nc45)CCCC6)CC3)c2c1,0
N#Cc1ccc2[nH]cc(CCCCN3CCN(c4c5c(nc6ccccc46)CCC5)CC3)c2c1,0
CCN(CCCCCN1C(=O)c2ccccc2C1=O)Cc1ccccc1,0
CCN(CCOc1cccc(-c2cc(=O)c3c(OC)c(OC)c(OC)cc3o2)c1)Cc1ccccc1,0
OC1CCCc2nc3ccccc3c(NCCc3ccccc3)c21,0
O=C1CCc2ccc(OCCCCCCN3CCCC3)cc2N1,0
CCN(CCCCCCN1C(=O)c2ccccc2C1=O)Cc1ccccc1,0
COc1ccccc1CN(C)CCCCOc1ccc(-c2cc(=O)c3c(O)c(OC)c(OC)cc3o2)cc1,0
CC1=C[C@H]2Cc3[nH]c(=O)ccc3[C@@]3(C1)[C@@H]2CCCN3CCN(C)CCN(C)CCN1CCC[C@@H]2[C@H]3C=C(C)C[C@]21c1ccc(=O)[nH]c1C3,0
CC1=C(C)c2nc3ccccc3c(N)c2C1,0
CN(CCCCCCOc1ccc(-c2coc3cc(O)cc(O)c3c2=O)cc1)Cc1ccccc1,0
CC1CCN(Cc2ccc(-c3ccc(CN4CCC(C)CC4)cc3)cc2)CC1,0
C=CCC12CCN(C)C1N(C)c1ccc(OC(=O)Nc3ccccc3F)cc12,0
CC(C)N1CCN(CCCCOc2ccc3c(c2)NC(=O)CC3)CC1,0
CCCC12CCN(C)C1N(C)c1ccc(OC(=O)Nc3ccccc3)cc12,0
COc1ccccc1CN(C)CCCCN1C(=O)c2ccccc2C1=O,0
CCCCCCn1c2c(ccc1=O)C(NCCc1ccc(Cl)c(Cl)c1)CCC2,0
C[N+](C)(C)Cc1cc(O)c2c(c1)C(=O)c1cccc(O)c1C2=O,0
C=CCC12CCN(C)C1N(C)c1ccc(OC(=O)Nc3ccccc3)cc12,0
CN(CCCCOc1ccc(-c2coc3cc(O)cc(O)c3c2=O)cc1)Cc1ccccc1,0
CCN(CC)Cc1ccc(OCCNc2nc3ccccc3nc2N)cc1,0
CN(CCCCCCN1C(=O)c2ccccc2C1=O)Cc1ccccc1,0
CC(C)N1CCN(CCCCN2C(=O)c3ccccc3C2=O)CC1,0
CCCn1c2c(ccc1=O)C(NC1Cc3ccccc3C1)CCC2,0
COc1ccc2c3c1O[C@H]1C[C@@H](O)C=C[C@@]31CCN(CCOCCNC13CC4CC(C)(CC(C)(C4)C1)C3)C2,0
COc1ccc(OCCCCCCN[C@H]2CCCc3[nH]c(=O)ccc32)cc1OC,0
OC1CCCc2nc3ccccc3c(NCCCOc3ccccc3)c21,0
CCCCNC(=O)Oc1ccc2c(c1)c(C)cn2N(CCC)c1ccncc1F,0
CN(CCOCCNC(=S)Nc1cccnc1)Cc1ccccc1,0
C#CCN(CCCCN1C(=O)c2ccccc2C1=O)Cc1ccccc1,0
COc1cc(O)c2c(=O)cc(C(=O)NCCCN(C)Cc3ccccc3OC)oc2c1,0
COc1cc2oc(-c3cccc(OCCCCN4CCN(Cc5ccccc5)CC4)c3)cc(=O)c2c(OC)c1OC,0
CCN(CCCCNC(=O)c1cc(O)c(C(=O)NCCCCN(CC)Cc2ccccc2)cc1O)Cc1ccccc1,0
COc1ccc(C(=O)OCCCCN[C@H]2CCCc3[nH]c(=O)ccc32)cc1OC,0
C#CCN(CCCN1C(=O)c2ccccc2C1=O)Cc1ccccc1OC,0
COc1cc(OC)c(C(=O)/C=C/c2ccccc2)c(O)c1CN1CCCCC1,0
CCN(CCCCNC(=O)c1cc(O)c(C(=O)NCCCCN(CC)Cc2ccccc2N(C)C)cc1O)Cc1ccccc1N(C)C,0
CN(CCCCCCOc1cc(O)c2c(=O)c(-c3ccc(O)cc3)coc2c1)Cc1ccccc1,0
CN(CCCCN1C(=O)c2ccccc2C1=O)Cc1ccccc1,0
C#CCN(CCCCCCN1C(=O)c2ccccc2C1=O)Cc1ccccc1OC,0
CCCn1c2c(ccc1=O)C(NCCc1ccccn1)CCC2,0
C=CCC12CCN(C)C1N(C)c1ccc(OC(=O)Nc3ccc(F)cc3)cc12,0
COc1cc2oc(-c3cccc(OCCCCN(C)Cc4ccccc4)c3)cc(=O)c2c(OC)c1OC,0
CCN(CCCCCCNC(=O)c1cc(O)c(C(=O)NCCCCCCN(CC)Cc2ccccc2)cc1O)Cc1ccccc1,0
COc1cc2oc(-c3ccc(OCC(=O)NCCCCCCN(C)Cc4ccccc4)cc3)cc(=O)c2c(OC)c1OC,0
CCN(C)Cc1ccc(C2CC(=O)c3cc(OC)c(OC)cc3O2)cc1,0
C=CCC12CC(=O)N(C)C1N(C)c1ccc(OC(=O)Nc3ccccc3)cc12,0
COC1CCCc2nc3ccccc3c(N)c21,0
Clc1cccc2c1CN1CCCCCC1=N2,0
CCNC1CCCc2nc3ccccc3c(N)c21,0
COc1ccc(C2CCCc3nc4ccccc4c(N)c32)c(OC)c1,0
CCN(CC)C(=O)C1CCN(C(=O)Nc2cccc(Cn3nc(Nc4ccc(C(F)(F)F)cc4)ccc3=O)c2)CC1,0
CCN(CC)C(=O)C1CCN(C(=O)Nc2cccc(Cn3ncccc3=O)c2)CC1,0
CCN(CC)Cc1ccc(C2CC(=O)c3cc(OC)c(OC)cc3O2)cc1,0
COc1cc(C(C)N2CCOCC2)ccc1OC(=O)N(C)C,0
CCN(CCNC(=O)COc1ccc(-c2cc(=O)c3c(O)c(OC)c(OC)cc3o2)cc1)Cc1ccccc1OC,0
COc1ccccc1CN(C)CCCOc1ccc(-c2cc(=O)c3c(O)c(OC)c(OC)cc3o2)cc1,0
COc1cc2oc(-c3ccc(OC(=O)N4CCN(C)CC4)cc3)cc(=O)c2c(O)c1OC,0
COc1ccccc1CN(C)CCCCCCOc1ccc(-c2cc(=O)c3c(O)c(OC)c(OC)cc3o2)cc1,0
N#Cc1ccc2[nH]cc(CCCCN3CCN(c4ccc5c(N)c6c(nc5c4)CCCC6)CC3)c2c1,0
C#CCN(CCCCN1C(=O)c2ccccc2C1=O)Cc1ccccc1OC,0
c1cc(-c2ccc(CNC3CCCCC3)cc2)ccc1CNC1CCCCC1,0
COc1cc2oc(-c3cccc(OCCCN(C)Cc4ccccc4)c3)cc(=O)c2c(OC)c1OC,0
CN(CCCCNC(=O)c1cc(O)c(C(=O)NCCCCN(C)Cc2ccccc2)cc1O)Cc1ccccc1,0
Fc1ccc2c(C3CCN(CCN4CCCC4)CC3)noc2c1,0
COc1ccccc1CN(C)CCCCOc1ccc(-c2coc3cc(O)cc(O)c3c2=O)cc1,0
C=C(C)Cn1c2c(ccc1=O)C(NCCc1ccc(Cl)c(Cl)c1)CCC2,0
COc1cccc(CN2CCC(CCC(=O)c3ccc(N4CCCC4)cc3)CC2)c1,0
COc1cc2c(cc1OC)C(=O)CC(c1cccc(CN3CCCC3)c1)O2,0
COc1cc2oc(-c3ccc(OCC(=O)NCCCCN(C)Cc4ccccc4)cc3)cc(=O)c2c(OC)c1OC,0
Cc1cc(-c2ccccc2)nnc1NCCN1CCCCC1,0
CCN(CCCOc1cccc(-c2cc(=O)c3c(OC)c(OC)c(OC)cc3o2)c1)Cc1ccccc1,0
CC(C)N1CCN(CCCCCN2C(=O)c3ccccc3C2=O)CC1,0
COc1ccccc1CN(C)CCCCCCNC(=O)COc1ccc(-c2cc(=O)c3c(OC)c(OC)c(OC)cc3o2)cc1,0
COc1ccccc1CN(C)CCCCOc1cc(O)c2c(=O)c(-c3ccc(O)cc3)coc2c1,0
CC1=CC2Cc3[nH]c(=O)ccc3[C@@]3(C1)[C@@H]2CCCN3C(=O)CN1CCN(Cc2ccc([N+](=O)[O-])cc2)CC1,0
CN(CCCCCCNC(=O)c1cc(O)c(C(=O)NCCCCCCN(C)Cc2ccccc2)cc1O)Cc1ccccc1,0
CC(=O)Nc1c2c(nc3cccc(N4CCN(CCCCc5c[nH]c6ccc(C#N)cc56)CC4)c13)CCCC2,0
COc1ccccc1CN(C)CCCCCCOc1ccc(-c2coc3cc(O)cc(O)c3c2=O)cc1,0
COc1ccc(CN2CCN(CC(=O)N3CCC[C@@H]4C5C=C(C)C[C@]43c3ccc(=O)[nH]c3C5)CC2)cc1,0
c1cc(-c2ccc(CN3CCCCC3)cc2)ccc1CNC1CCCCC1,0
c1cc(-c2ccc(CN3CCCCC3)cc2)ccc1CN1CCCCC1,0
Cc1ccccc1CNc1c2c(nc3ccccc13)CCCC2O,0
CCCn1c2c(ccc1=O)C(NCCc1cccs1)CCC2,0
Nc1c2c(nc3ccccc13)CCC2O,0
CCN(CC)Cc1cccc(-c2cc(=O)c3cc(OC)c(OC)cc3o2)c1,0
S=C(NCCC1CCN(Cc2ccccc2)CC1)NCc1ccccc1,0
O=C1CCc2ccc(OCCCCCCN3CCCCC3)cc2N1,0
Nc1c2c(nc3nn(-c4ccccc4)cc13)CCCC2,0
CCNC(=S)Nc1cc(-n2ccnc2C)ncn1,0
CCN(CC)C(=O)Oc1cccc(-c2cc(=O)c3c(OC)c(OC)c(OC)cc3o2)c1,0
CC1=CC2Cc3[nH]c(=O)ccc3[C@@]3(C1)[C@@H]2CCCN3C(=O)CN(C)CCCc1ccccc1,0
CC(C)N1CCN(CCCCCCN2C(=O)c3ccccc3C2=O)CC1,0
O=C(CCC1CCN(Cc2ccc(Cl)cc2)CC1)c1ccc2c(c1)CCN2,0
Cc1nn(-c2ccccc2)c2nc3nc4c(c(N)c3cc12)CCCC4,0
Cn1c2c(ccc1=O)C(NCCc1ccc(Cl)cc1)CCC2,0
COc1ccccc1CN(C)CCCCCCNC(=O)COc1ccc(-c2cc(=O)c3c(O)c(OC)c(OC)cc3o2)cc1,0
CCNC(=S)Nc1cc(-n2ccnc2CC)ncn1,0
CCCN(CCC)Cc1ccc(-c2ccc(CCN3CCCCC3)cc2)cc1,0
CCCN(c1ccncc1)n1cc(C#N)c2ccccc21,0
CCN(CCCNC(=O)c1cc(=O)c2c(O)cc(O)cc2o1)Cc1ccccc1OC,0
COc1cc2oc(Cc3cccc(CN4CCCC4)c3)c(O)c2cc1OC,0
COc1ccc(C(=O)OCCCCCN[C@H]2CCCc3[nH]c(=O)ccc32)cc1OC,0
CC(C)[C@H]1CC[C@H](C(C)C)c2c1nc1ccccc1c2N,0
CCN(Cc1ccc(/C=C2\Oc3cc(OC)c(OC)cc3C2=O)cc1O)Cc1ccccc1N(C)C,0
CC(=O)CCCCCCCCCCCC[C@H]1CC[C@@H](OC(C)=O)[C@@H](C)N1,0
COc1cc2oc(-c3cccc(OCCCCCCN4CCN(Cc5ccccc5)CC4)c3)cc(=O)c2c(OC)c1OC,0
CCN(C)C(=O)Oc1cccc(-c2cc(=O)c3c(OC)c(OC)c(OC)cc3o2)c1,0
COc1ccccc1CN(C)CCCCNC(=O)c1cc(O)c(C(=O)NCCCCN(C)Cc2ccccc2OC)cc1O,0
CCN(CCCCNC(=O)c1cc(=O)c2c(O)cc(OC)cc2o1)Cc1ccc(N(C)C)cc1,0
COc1cc2oc(-c3cccc(OCCCN4CCN(C)CC4)c3)cc(=O)c2c(OC)c1OC,0
COc1cc(O)c2c(=O)cc(C(=O)NCCCCN(C)Cc3ccccc3)oc2c1,0
Cc1ccccc1Nc1ccc(=O)n(Cc2cccc(NC(=O)N3CCC(C(=O)N(C)C)CC3)c2)n1,0
C#CCN(CCCCCCN1C(=O)c2ccccc2C1=O)Cc1ccccc1,0
CN(C)CCNc1c2c(nc3ccccc13)CCCC2O,0
COc1ccccc1CN(C)CCCCOc1cccc(-c2cc(=O)c3c(O)c(OC)c(OC)cc3o2)c1,0
O=C1CCc2ccc(OCCCCCN3CCc4ccccc4C3)cc2N1,0
CCN(CCCNC(=O)c1cc(O)c(C(=O)NCCCN(CC)Cc2ccccc2)cc1O)Cc1ccccc1,0
CCNC(=S)Nc1cc(-n2cnc3ccccc32)ncn1,0
CCN(CCCNC(=O)c1cc(=O)c2c(O)cc(OC)cc2o1)Cc1ccccc1,0
COc1cc2oc(-c3ccc(OCCCCCCN4CCN(Cc5ccccc5)CC4)cc3)cc(=O)c2c(OC)c1OC,0
COc1ccccc1CN(C)CCCOc1cccc(-c2cc(=O)c3c(O)c(OC)c(OC)cc3o2)c1,0
CCNC(=S)Nc1cc(-n2cccn2)ncn1,0
Nc1c2c(nc3ccccc13)CCCC2Nn1cccc1,0
COc1cc2oc(-c3cccc(OCCN4CCN(C)CC4)c3)cc(=O)c2c(OC)c1OC,0
COc1ccc(C(=O)OCCCCCCCN[C@H]2CCCc3[nH]c(=O)ccc32)cc1OC,0
CC1=C[C@H]2Cc3[nH]c(=O)ccc3[C@@]3(C1)NCCC[C@H]23,0
CN(CCCCN1C(=O)c2ccc([N+](=O)[O-])cc2C1=O)Cc1ccccc1,0
COc1cc2oc(-c3ccc(OC(=O)N(C)C)cc3)cc(=O)c2c(OC)c1OC,0
COc1cc2oc(-c3ccc(OCCCN4CCN(C)CC4)cc3)cc(=O)c2c(OC)c1OC,0
CC(C)N1CCN(CCCN2C(=O)c3ccccc3C2=O)CC1,0
COc1ccccc1CN(C)CCCCNC(=O)COc1ccc(-c2cc(=O)c3c(OC)c(OC)c(OC)cc3o2)cc1,0
O=C1CCc2ccc(OCCCCCN3CCCCC3)cc2N1,0
Nc1c2c(nc3ccccc13)CCCC2N1CCCCC1,0
COc1cc2oc(-c3ccc(OCC(=O)NCCCN(C)Cc4ccccc4)cc3)cc(=O)c2c(OC)c1OC,0
CCNC(=S)Nc1nccc(-n2ccnc2)n1,0
Nc1c2c(nc3ccccc13)CCCC2N,0
OC1CCCc2nc3cc(F)ccc3c(NCc3ccccc3)c21,0
COc1cc2c(cc1OC)C(=O)/C(=C/c1ccc(CN3CCOCC3)c(O)c1)O2,0
CCNC(=S)Nc1cc(-n2ccnc2)nc(C)n1,0
Nc1c2c(nc3ccccc13)CCCCCC2,0
COc1cc2oc(-c3cccc(OCCN(C)Cc4ccccc4)c3)cc(=O)c2c(OC)c1OC,0
C=CCn1c2c(ccc1=O)C(NCCc1ccc(Cl)c(Cl)c1)CCC2,0
COc1ccccc1CN(C)CCCNC(=O)c1cc(O)c(C(=O)NCCCN(C)Cc2ccccc2OC)cc1O,0
COc1cc2oc(-c3ccc(OC(=O)N4CCN(Cc5ccccc5)CC4)cc3)cc(=O)c2c(O)c1OC,0
Clc1ccc2c(c1)CN1CCCCCC1=N2,0
CCC(C)(C)[C@@]12CCN(C)[C@@H]1N(C)c1ccc(OC(=O)Nc3ccccc3)cc12,0
COc1ccccc1CN(C)CCCNC(=O)c1cc(=O)c2c(O)cccc2o1,0
CC1=C[C@H]2Cc3[nH]c(=O)ccc3[C@@]3(C1)[C@@H]2CCCN3CCN(C)CCCc1ccccc1,0
COc1ccc(CCNC2CCCc3c2ccc(=O)n3C)cc1,0
COc1ccc(C(=O)OCCCCCCCCCN[C@H]2CCCc3[nH]c(=O)ccc32)cc1OC,0
COc1ccccc1CN(C)CCCN1C(=O)c2ccccc2C1=O,0
C/C=C1\C2CCC[C@]1(N)c1ccc(=O)[nH]c1C2,0
CC1=CC2Cc3[nH]c(=O)ccc3C(N)(C1)/C2=C/CF,0
N#Cc1ccc2[nH]cc(CCCCN3CCN(c4ccc5nc6c(c(N)c5c4)CCCC6)CC3)c2c1,0
COc1ccc(CN2CCN(CN3CCC[C@@H]4[C@H]5C=C(C)C[C@]43c3ccc(=O)[nH]c3C5)CC2)cc1,0
OC1CCCc2nc3ccccc3c(NCc3ccccc3Cl)c21,0
CCN(CC)C(=O)Oc1cccc(-c2cc(=O)c3c(O)c(OC)c(OC)cc3o2)c1,0
C#CCN(CCCCCN1C(=O)c2ccccc2C1=O)Cc1ccccc1,0
CCCN(CCC)Cc1ccc(-c2ccc(CC(=O)N3CCCCC3)cc2)cc1,0
COc1ccccc1CN(C)CCCCCCNC(=O)c1cc(O)c(C(=O)NCCCCCCN(C)Cc2ccccc2OC)cc1O,0
O=C1CCc2ccc(OCCCCCCN3CCc4ccccc4C3)cc2N1,0
COc1ccc(CNc2c3c(nc4ccccc24)CCCC3O)cc1,0
CCCN(CCC)C(=O)Cc1ccc(-c2ccc(CN3CCCCC3)cc2)cc1,0
CN(CCCNC(=O)c1cc(O)c(C(=O)NCCCN(C)Cc2ccccc2)cc1O)Cc1ccccc1,0
COc1cc2oc(-c3ccc(OC(=O)N4CCN(C)CC4)cc3)cc(=O)c2c(OC)c1OC,0
CC(=O)N1CCN(Cc2ccc(-c3ccc(CN4CCCCC4)cc3)cc2)CC1,0
O=C1CCc2ccc(OCCCCN3CCCCC3)cc2N1,0
C[C@@H](NC(=O)c1cccc(C(=O)N[C@@H](Cc2ccccc2)[C@H](O)CNCCC2CCN(Cc3ccccc3)CC2)c1)c1ccc(F)cc1,0
CCN(CCCCCNC(=O)/C=C/c1ccccc1)Cc1ccccc1,0
[N-]=[N+]=NC1CCCc2nc3ccccc3c(N)c21,0
COc1ccc(C(=O)NCCCCCN[C@H]2CCCc3[nH]c(=O)ccc32)cc1OC,0
O=C1CCc2ccc(OCCCCCCN3CCC(N4CCCC4)CC3)cc2N1,0
COc1cc(OC)c(C(=O)/C=C/c2ccccc2)c(O)c1CN1CCN(C)CC1,0
CCCNC1CCCc2nc3ccccc3c(N)c21,0
OC1CCCc2nc3ccccc3c(NCc3c(F)c(F)c(F)c(F)c3F)c21,0
O=C1CCc2ccc(OCCCN3CCN(Cc4ccccc4)CC3)cc2N1,0
C/C=C1\C2C=C(C)CC1c1ccc(=O)[nH]c1C2,0
CN(CCCN1C(=O)c2ccccc2C1=O)Cc1ccccc1,0
CCN(CCCCOc1ccc(-c2coc3cc(O)cc(O)c3c2=O)cc1)Cc1ccccc1,0
Cn1c2c(ccc1=O)C(NCCc1ccc(C(F)(F)F)cc1)CCC2,0
c1ccc(-c2ccc(NCCN3CCCCC3)nn2)cc1,0
C#CCN(CCCCCCOc1ccc2c(c1)NC(=O)CC2)Cc1ccccc1,0
OC1CCCc2nc3ccccc3c(NCc3cccc(F)c3)c21,0
CCN(CCN1C(=O)c2ccccc2C1=O)Cc1ccccc1,0
CCCNc1c2c(nc3ccccc13)CCCC2O,0
OC1CCCc2nc3ccccc3c(NCc3ccccc3C(F)(F)F)c21,0
OC1CCCc2nc3ccccc3c(NCc3cccc(Cl)c3)c21,0
COc1ccc(CN2CCC(CCC(=O)c3ccc4c(c3)CCN4)CC2)cc1,0
COc1ccccc1CN(C)CCCOc1cc(O)c2c(=O)c(-c3ccc(O)cc3)coc2c1,0
COc1cccc2c1C(=O)c1c(OC)cc(C[N+](C)(C)c3ccccc3)cc1C2=O,0
C#CCN(CCCCNC(=O)c1cc(=O)c2c(O)cc(OC)cc2o1)Cc1ccccc1OC,0
O=C1CCc2ccc(OCCCCN3CCN(Cc4ccccc4)CC3)cc2N1,0
COc1cc2oc(-c3ccc(OC(=O)N(C(C)C)C(C)C)cc3)cc(=O)c2c(OC)c1OC,0
COc1ccccc1CN(C)CCN1C(=O)c2ccccc2C1=O,0
CC(C)N1CCN(CCCOc2ccc3c(c2)NC(=O)CC3)CC1,0
C#CCN(CCCCCN1C(=O)c2ccccc2C1=O)Cc1ccccc1OC,0
OC1CCCc2nc3ccccc3c(NCc3cccc(C(F)(F)F)c3)c21,0
C#CCN(CCCCCOc1ccc2c(c1)NC(=O)CC2)Cc1ccccc1,0
CCNC(=S)Nc1cc(-n2ccnn2)ncn1,0
CCN(CC)CCCCOc1ccc2c(c1)NC(=O)CC2,0
CCN(C)C(=O)Oc1cccc(-c2cc(=O)c3c(O)c(OC)c(OC)cc3o2)c1,0
c1ccc2c(c1)CN1CCCCCC1=N2,0
CC(=O)CCCCCCCCCCCC[C@H]1CC[C@@H](OC(=O)OC(C)(C)C)[C@@H](C)N1,0
CCN(CC)Cc1c(OC)cc(OC)c(C(=O)/C=C/c2ccccc2)c1O,0
COc1cc(O)c2c(=O)cc(C(=O)NCCCN(C)Cc3ccccc3)oc2c1,0
OC1CCCc2nc3ccccc3c(NCc3cccs3)c21,0
O=C1CCc2ccc(OCCCN3CCc4ccccc4C3)cc2N1,0
CCCn1c2c(ccc1=O)C(NCCC(C)(C)C)CCC2,0
O=C1CCc2ccc(OCCCCCN3CCN(Cc4ccccc4)CC3)cc2N1,0
COc1cc2oc(-c3ccc(OCC(=O)NCCN(C)Cc4ccccc4)cc3)cc(=O)c2c(OC)c1OC,0
O=C1CCc2ccc(OCCCN3CCC(N4CCCC4)CC3)cc2N1,0
CN(CCN1C(=O)c2ccccc2C1=O)Cc1ccccc1,0
CCN(CCCOc1ccc(-c2coc3cc(O)cc(O)c3c2=O)cc1)Cc1ccccc1OC,0
COc1cc(OC)c(C(=O)/C=C/c2ccccc2)c(O)c1CN1CCCC1,0
COc1cc2c(cc1OC)C(=O)/C(=C/c1ccc(CN3CCN(C)CC3)c(O)c1)O2,0
Clc1cccc2c1N=C1CCCCCN1C2,0
O=C1CCc2ccc(OCCCN3CCCCC3)cc2N1,0
OC1CCCc2nc3ccccc3c(NCc3ccc(F)cc3)c21,0
COc1ccc2c(n1)CCC(OC)C2(C)NC(=O)C1CCN(Cc2ccccc2)CC1,0
COc1cc2oc(-c3ccc(OC(=O)N(C)C)cc3)cc(=O)c2c(O)c1OC,0
O=c1ccc2c(n1Cc1ccccc1)CCCC2NCCc1ccc(Cl)c(Cl)c1,0
COc1cc2oc(-c3ccc(OC(=O)N4CCCCC4)cc3)cc(=O)c2c(O)c1OC,0
O=C1CCc2ccc(OCCCCCCN3CCN(Cc4ccccc4)CC3)cc2N1,0
Nc1c2c(nc3ccccc13)CCCC2N1CCCC1,0
c1ccc2c(c1)CN1CCCC1=N2,0
OC1CCCc2nc3ccccc3c(NCc3ccc(C(F)(F)F)cc3)c21,0
Cc1ccc(CCNC2CCCc3c2ccc(=O)n3C)cc1,0
O=C1CCc2ccc(OCCCCN3CCc4ccccc4C3)cc2N1,0
N#Cc1ccc2[nH]cc(CCCCN3CCN(c4cccc5nc6c(c(N)c45)CCCCC6)CC3)c2c1,0
CCC(C)(C)C12CCN(C)C1N(C)c1ccc(OC(=O)Nc3ccccc3)cc12,0
CCN(CCCCCn1c(O)c2c(c1O)CCCC2)Cc1ccccc1,0
Cn1c2c(ccc1=O)C(NCCc1ccccc1)CCC2,0
Nc1c2c(nc3ccccc13)CCCC2NCCc1ccccc1,0
COc1cc(OC)c(C(=O)/C=C/c2ccccc2)c(O)c1CN(C)C,0
O=C(CC1CCN(Cc2ccccc2)CC1)c1ccc(N2CCCC2)cc1,0
CCN(CC)CCCOc1ccc2c(c1)NC(=O)CC2,0
CN(CCCNC(=O)c1cc(=O)c2c(O)cccc2o1)Cc1ccccc1,0
CCN(CC)C(=O)C1CCN(C(=O)Nc2cccc(Cn3nc(Nc4ccc(C)cc4)ccc3=O)c2)CC1,0
O=C1CCc2ccc(OCCCN3CCN(c4ccccn4)CC3)cc2N1,0
COc1cc2c(cc1OC)C(=O)/C(=C/c1ccc(CN(C)Cc3ccccc3)c(O)c1)O2,0
CCCN(c1ccncc1)n1cc(C=O)c2ccccc21,0
CCCN(c1ccncc1)n1cc(CC)c2ccccc21,0
C[n+]1ccc(/C=C/c2cc3ccccc3c3ccccc23)cc1,0
OC1CCCc2nc3cc(F)ccc3c(NCc3ccccc3C(F)(F)F)c21,0
Nc1c2c(nc3ccccc13)CCCC2NCc1ccccc1,0
CC1=C[C@H]2Cc3[nH]c(=O)ccc3[C@@]3(C1)[C@@H]2CCCN3CCN(C)CCc1ccccc1,0
COc1ccc(CN2CCOCC2)cc1OC(=O)N(C)C,0
Cc1ccc(CNc2c3c(nc4ccccc24)CCCC3O)cc1,0
O=C1CCc2ccc(OCCCCN3CCN(c4ccccn4)CC3)cc2N1,0
COc1cccc(CNc2c3c(nc4ccccc24)CCCC3O)c1,0
COc1cc2oc(-c3ccc(OC(=O)N4CCCCC4)cc3)cc(=O)c2c(OC)c1OC,0
COc1cc(/C=C/C(=O)N2CCC(Cc3ccccc3)CC2)ccc1OCCCCCCN1CCc2ccccc2C1,0
CCCNC(=S)Nc1cc(-n2cccn2)ncn1,0
COc1cccc(CN2CCCCC2)c1OC(=O)N(C)C,0
CCNC(=S)Nc1cc(N2CCOCC2)ncn1,0
Cc1nn(-c2ccccc2)c2nc3nc4c(c(N)c3cc12)CCC4,0
C#CCN(CCCCOc1ccc2c(c1)NC(=O)CC2)Cc1ccccc1,0
COc1cc2c(cc1OC)C(=O)C(=Cc1cc(CN(C)C)c(O)c(CN(C)C)c1)O2,0
COc1ccc(C(C)N2CCOCC2)cc1OC(=O)N(C)C,0
COc1cc2oc(-c3cccc(OC(=O)N4CCN(C)CC4)c3)cc(=O)c2c(O)c1OC,0
CC(C)Cn1c2c(ccc1=O)C(NCCc1ccc(Cl)c(Cl)c1)CCC2,0
CCCCNC(=S)Nc1cc(-n2cccn2)ncn1,0
CC1=CC2Cc3[nH]c(=O)ccc3[C@@]3(C1)[C@@H]2CCCN3C(=O)CN(C)CCc1ccccc1,0
CCN1CCN(Cc2ccc(/C=C3\Oc4cc(OC)c(OC)cc4C3=O)cc2O)CC1,0
C[n+]1ccc(/C=C/c2ccc(Cl)c(Cl)c2)cc1,0
Cc1cccc(CNc2c3c(nc4ccccc24)CCCC3O)c1,0
Nc1c2c(nc3ccc(Cl)cc13)CCCC2O,0
CCCCC1=C(C)Cc2c1nc1ccccc1c2N,0
C[N+](C)(Cc1cc(O)c2c(c1)C(=O)c1cccc(O)c1C2=O)c1ccccc1,0
COc1cc2oc(-c3cccc(OC(=O)N(C)C)c3)cc(=O)c2c(O)c1OC,0
COc1cc2c(cc1OC)C(=O)/C(=C/c1ccc(CN(C)C)c(O)c1)O2,0
C#CCN(CCCOc1ccc2c(c1)NC(=O)CC2)Cc1ccccc1,0
CN1CC(=O)N2C(Cc3c([nH]c4ccccc34)[C@H]2c2ccc3c(c2)OCO3)C1=O,0
Cc1nn(-c2ccccc2)c2c(N)c3c(nc12)CCCC3,0
CC1=C[C@H]2Cc3[nH]c(=O)ccc3[C@@]3(C1)[C@@H]2CCCN3CCN1CCN(Cc2cccnc2)CC1,0
O=C1c2ccc([N+](=O)[O-])cc2C(=O)N1C1CCN(Cc2ccccc2)CC1,0
OC1CCCc2nc3ccccc3c(NCc3ccc(Cl)cc3)c21,0
CCN(CCCCNC(=O)c1cc(O)c(C(=O)NCCCCN(CC)Cc2ccc(N(C)C)cc2)cc1O)Cc1ccc(N(C)C)cc1,0
O=C1CCc2ccc(OCCCCCN3CCN(c4ccccn4)CC3)cc2N1,0
Cc1nn(-c2ccccc2)c2nc3c(c(N)c12)CCCC3,0
CCN(CC)Cc1cc(C=C2Oc3cc(OC)c(OC)cc3C2=O)ccc1O,0
CCCN(c1ccncc1)n1cc(C)c2ccccc21,0
COc1ccc(CN2CCC(CCC(=O)c3ccc(N4CCCC4)cc3)CC2)cc1,0
COc1cc(/C=C/C(=O)N2CCC(Cc3ccccc3)CC2)ccc1OCCCCCN1CCN(c2ncccn2)CC1,0
O=C(NCCCCN1CCOc2ccccc2C1)c1cc(O)c(C(=O)NCCCCN2CCOc3ccccc3C2)cc1O,0
COc1cc2oc(-c3cccc(OC(=O)N4CCN(C)CC4)c3)cc(=O)c2c(OC)c1OC,0
Cc1nn(-c2ccccc2)c2nc3c(c(N)c12)CCC3,0
CC1=C[C@H]2Cc3[nH]c(=O)ccc3[C@@]3(C1)[C@@H]2CCCN3CN1CCN(Cc2ccccc2)CC1,0
CCCCCC[n+]1ccc(/C=C/c2cccc3ccccc23)cc1,0
C[n+]1ccc(/C=C/c2cccc3ccccc23)cc1N,0
OC1CCCc2nc3ccccc3c(NCc3ccccc3)c21,0
Cc1nn(-c2ccccc2)c2c(N)c3c(nc12)CCC3,0
COc1ccc(/C=C/c2cccc[n+]2C)c2ccccc12,0
CC1=CC2Cc3[nH]c(=O)ccc3[C@@]3(C1)[C@@H]2CCCN3C(=O)CN1CCN(Cc2ccccc2)CC1,0
CCCCCCCCCCn1c2c(ccc1=O)C(NCCc1ccc(Cl)c(Cl)c1)CCC2,0
Cc1cc(-c2ccc(Cl)cc2)nnc1NCCN1CCOCC1,0
O=C1CCc2ccc(OCCCCCCN3CCN(c4ccccn4)CC3)cc2N1,0
CCN(CC)CCCCCOc1ccc2c(c1)NC(=O)CC2,0
CC(C)n1c2c(ccc1=O)C(NCCc1ccc(Cl)c(Cl)c1)CCC2,0
N=c1c2ccc(Cl)cc2nc2n1CCCCC2,0
COc1ccccc1CNc1c2c(nc3ccccc13)CCCC2O,0
CN(CCCOc1cc(O)c2c(=O)c(-c3ccc(O)cc3)coc2c1)Cc1ccccc1,0
COc1cc2oc(-c3cccc(OC(=O)N(C)C)c3)cc(=O)c2c(OC)c1OC,0
COc1ccccc1CN(C)CCCOc1ccc(-c2coc3cc(O)cc(O)c3c2=O)cc1,0
CC1=C[C@H]2Cc3[nH]c(=O)ccc3[C@@]3(C1)[C@@H]2CCCN3C(=O)N1CCN(Cc2cccnc2)CC1,0
Nc1c2c(nc3ccccc13)CCCc1ccccc1-2,0
COc1ccc(CNC2CCCc3nc4ccccc4c(N)c32)cc1OC,0
CCN(CCCCCCOc1ccc(-c2coc3cc(O)cc(O)c3c2=O)cc1)Cc1ccccc1,0
COc1cc2c(cc1OC)C(=O)C(CCCN[C@H]1CCCc3[nH]c(=O)ccc31)C2,0
OC1CCCc2nc3ccccc3c(NCc3ccccc3F)c21,0
CCN(CC)CCCCCCOc1ccc2c(c1)NC(=O)CC2,0
CCN(CC)Cc1cc(C=C2Oc3cc(OC)c(OC)cc3C2=O)cc(CN(CC)CC)c1O,0
CCN(CCCOc1ccc(-c2coc3cc(O)cc(O)c3c2=O)cc1)Cc1ccccc1,0
CCCCCCCNC(=O)Oc1ccc2c(c1)c(C)cn2N(CCC)c1ccncc1F,0
C[n+]1ccc(C#Cc2cccc3ccccc23)cc1,0
COc1cc(/C=C/C(=O)N2CCC(Cc3ccccc3)CC2)ccc1OCCCCN1CCN(c2ncccn2)CC1,0
CCN(Cc1ccc(/C=C2\Oc3cc(OC)c(OC)cc3C2=O)cc1O)Cc1ccccc1OC,0
COc1cc2oc(-c3cccc(OC(=O)N4CCCCC4)c3)cc(=O)c2c(OC)c1OC,0
c1ccc(C2=NN=C(NCCN3CCCCC3)NC2)cc1,0
COc1ccc2c(c1)CCc1c-2nc2ccccc2c1N,0
Cn1c2c(ccc1=O)C(NCCCc1ccccc1)CCC2,0
CCCCNC1CCCc2nc3ccccc3c(N)c21,0
CN(CCCOc1ccc(-c2coc3cc(O)cc(O)c3c2=O)cc1)Cc1ccccc1,0
OC1CCCc2nc3ccccc3c(NCCCC(c3ccccc3)c3ccccc3)c21,0
O=c1ccc2c(n1CCc1ccccc1)CCCC2NCCc1ccc(Cl)c(Cl)c1,0
Nc1ccnc2ccccc12,0
CC1=C[C@H]2Cc3[nH]c(=O)ccc3[C@@]3(C1)[C@@H]2CCCN3C(=O)CN(C)Cc1ccccc1,0
COc1cc2oc(-c3cccc(OC(=O)N4CCN(Cc5ccccc5)CC4)c3)cc(=O)c2c(O)c1OC,0
CCCCCC(=O)NC1CCCc2nc3ccccc3c(N)c21,0
C[n+]1ccc(/C=C/c2ccc(OCc3ccccc3)cc2)cc1,0
c1ccc(-c2nnc(NCCN3CCCCC3)s2)cc1,0
CN(CCCCOc1cc(O)c2c(=O)c(-c3ccc(O)cc3)coc2c1)Cc1ccccc1,0
CCCN(CCC)Cc1c(OC)cc(OC)c(C(=O)/C=C/c2ccccc2)c1O,0
COc1ccc(CN2CCC(CCC(=O)c3ccc4c(c3)NCCCC4)CC2)cc1,0
C/C=C1/C2C=C(C)CC1c1ccc(=O)[nH]c1C2,0
COc1cc(/C=C/C(=O)N2CCC(Cc3ccccc3)CC2)ccc1OCCCCN1CCN(Cc2ccccc2)CC1,0
c1ccc(-c2ncc(NCCN3CCCCC3)nn2)cc1,0
CCCN(c1ccncc1)n1cc(C(C)=O)c2ccccc21,0
COc1cc(/C=C/C(=O)N2CCC(Cc3ccccc3)CC2)ccc1OCCCCCN1CCN(c2ccccn2)CC1,0
c1ccc(-c2cnc(NCCN3CCCCC3)nn2)cc1,0
CCCCN(c1ccncc1)n1ccc2ccccc21,0
OC1CCCc2nc3ccccc3c(NCCCC(c3cccc(F)c3)c3cccc(F)c3)c21,0
C=C(C)[C@H]1CCC(C(=O)OC)C(=O)C(=O)C[C@@](C)(O)Cc2cc(C(=O)OC)c(o2)C1,0
C[n+]1ccccc1/C=C/c1cccc2ccccc12,0
CC(=O)NC1CCCc2nc3ccccc3c(N)c21,0
COc1cc(/C=C/C(=O)N2CCC(Cc3ccccc3)CC2)ccc1OCCCN1CCN(Cc2ccccc2)CC1,0
CC1=C[C@H]2Cc3[nH]c(=O)ccc3[C@@]3(C1)[C@@H]2CCCN3CCN(C)Cc1ccccc1,0
COc1cc(/C=C/C(=O)N2CCC(Cc3ccccc3)CC2)ccc1OCCCCN1CCN(c2ccccn2)CC1,0
OC1CCCc2nc3cc(C(F)(F)F)ccc3c(NCc3ccccc3)c21,0
COc1cc2oc(-c3ccc(OC(=O)N4CCOCC4)cc3)cc(=O)c2c(OC)c1OC,0
COc1ccc2c(c1)CCCc1c-2nc2ccccc2c1N,0
COc1ccc(/C=C/c2cc[n+](C)cc2)c2ccccc12,0
Nc1c2c(nc3ccccc13)-c1ccccc1NCC2,0
c1ccc(-c2ccc(NCCN3CCCCC3)nc2)cc1,0
COc1cc(/C=C/C(=O)N2CCC(Cc3ccccc3)CC2)ccc1OCCCCCCN1CCN(Cc2ccccc2)CC1,0
COc1ccccc1CN(C)Cc1ccc(/C=C2\Oc3cc(OC)c(OC)cc3C2=O)cc1O,0
COc1cc(/C=C/C(=O)N2CCC(Cc3ccccc3)CC2)ccc1OCCCN1CCN(c2ccccn2)CC1,0
COc1cc(/C=C/C(=O)N2CCC(Cc3ccccc3)CC2)ccc1OCCCCCN1CCN(Cc2ccccc2)CC1,0
Cc1cc(-c2ccccc2)nnc1NCCN1CCOCC1,0
COc1cc2oc(-c3cccc(OC(=O)N4CCN(Cc5ccccc5)CC4)c3)cc(=O)c2c(OC)c1OC,0
COc1cc2oc(-c3cccc(OC(=O)N(C(C)C)C(C)C)c3)cc(=O)c2c(OC)c1OC,0
OC1CCCc2nc3ccccc3c(NCCCC(c3ccc(F)cc3)c3ccc(F)cc3)c21,0
COc1ccc(C(=O)NCCCN[C@H]2CCCc3[nH]c(=O)ccc32)cc1OC,0
CCCCC1(O)c2nc3ccccc3c(N)c2CC1C,0
COc1cc(/C=C/C(=O)N2CCC(Cc3ccccc3)CC2)ccc1OCCCN1CCN(c2ncccn2)CC1,0
CCN(Cc1ccccc1)Cc1ccc(/C=C2\Oc3cc(OC)c(OC)cc3C2=O)cc1O,0
COc1cc2oc(-c3cccc(OC(=O)N(C(C)C)C(C)C)c3)cc(=O)c2c(O)c1OC,0
c1ccc2c(c1)CN1CCCCCCC1=N2,0
CC12CCC(c3c1nc1ccccc1c3N)C2(C)C,0
C[n+]1ccc(/C=C/c2cccc3ccccc23)cc1,0
C[n+]1ccc(/C=C/c2c3ccccc3cc3ccccc23)cc1,0
COc1cc2c(cc1OC)C(=O)/C(=C/c1cccc(O)c1)O2,0
CC1Cc2c(nc3ccccc3c2N)C1(C)O,0
COc1ccc2ccccc2c1/C=C/c1cc[n+](C)cc1,0
COc1ccc(/C=C/c2cc[n+](CCO)cc2)c2ccccc12,0
Nc1c2c(nc3ccccc13)-c1cccc(Cl)c1CC2,0
COc1ccc(C(=O)OCCCN[C@H]2CCCc3[nH]c(=O)ccc32)cc1OC,0
Nc1c2c(nc3ccccc13)-c1ccccc1CCC2,0
OCC[n+]1ccc(/C=C/c2cccc3ccccc23)cc1,0
CCN(CC)Cc1cccc(C2CC(=O)c3cc(OC)c(OC)cc3O2)c1,0
C[N+]1(C)CC=C(/C=C/c2cccc3ccccc23)CC1,0
C[n+]1ccc(CCc2cccc3ccccc23)cc1,0
C[n+]1ccc(NC(=O)Nc2cccc3ccccc23)cc1,0
c1ccc(-c2cc(-c3ccccc3)c(NCCN3CCOCC3)nn2)cc1,0
COc1ccc(/C=C/c2cc[n+](C)cc2)cc1OC,0
COc1cc(OC)c(C(=O)/C=C/c2ccccc2)c(O)c1CN1CCOCC1,0
Nc1cc(-c2ccccc2)nnc1NCCN1CCOCC1,0
CCN(Cc1ccc(N(C)C)cc1)Cc1ccc(/C=C2\Oc3cc(OC)c(OC)cc3C2=O)cc1O,0
COc1cc2c(cc1OC)C(=O)C(=Cc1ccc(O)cc1)O2,0
C[n+]1cccc(NC(=O)Nc2cccc3ccccc23)c1,0
C/C=C1\CCc2[nH]c(=O)ccc2[C@]1(C)N,0
Nc1c2c(nc3ccccc13)-c1ccccc1NCCC2,0
OCc1cc(-c2ccccc2)nnc1NCCN1CCOCC1,0
CN1CCC(/C=C/c2cccc3ccccc23)CC1,0
CN1CC=C(/C=C/c2cccc3ccccc23)CC1,0
FC(F)(F)c1cc(-c2ccccc2)nnc1NCCN1CCOCC1,0
CN1CCC(CCc2cccc3ccccc23)CC1,0
CC(=O)Nc1cc(/C=C/c2cccc3ccccc23)cc[n+]1C,0
CCCCCCN1CC=C(/C=C/c2cccc3ccccc23)CC1,0
C[n+]1ccc(/C=C/c2ccccc2)cc1,0
OCCN1CCC(CCc2cccc3ccccc23)CC1,0
CN1CC=C(c2ccccc2)CC1,0
CCCNC(=O)O[C@H]1C=C[C@@]23CCN(C)Cc4ccc(OC)c(c42)O[C@H]3C1,0
COc1ccc2c3c1O[C@H]1C[C@@H](OC(=O)CC(C)C)C=C[C@@]31CCN(C)C2,0
CCNC(=O)O[C@H]1C=C[C@@]23CCN(C)Cc4ccc(OC)c(c42)O[C@H]3C1,0
CCCCCCCCNC(=O)O[C@H]1C=C[C@@]23CCN(C)Cc4ccc(OC)c(c42)O[C@H]3C1,0
CCCCCC(=O)O[C@H]1C=C[C@@]23CCN(C)Cc4ccc(OC)c(c42)O[C@H]3C1,0
CCC(=O)O[C@H]1C=C[C@@]23CCN(C)Cc4ccc(OC)c(c42)O[C@H]3C1,0
CNC(=O)N(C)C(=O)O[C@H]1C=C[C@@]23CCN(C)Cc4ccc(OC)c(c42)O[C@H]3C1,0
CCCCNC(=O)O[C@H]1C=C[C@@]23CCN(C)Cc4ccc(OC)c(c42)O[C@H]3C1,0
COc1ccc2c3c1O[C@H]1C[C@@H](OC(=O)c4ccc(F)c([N+](=O)[O-])c4)C=C[C@@]31CCN(C)C2,0
COc1ccc2c3c1O[C@H]1C[C@@H](OC(=O)c4ccccc4F)C=C[C@@]31CCN(C)C2,0
CCCCC(=O)O[C@H]1C=C[C@@]23CCN(C)Cc4ccc(OC)c(c42)O[C@H]3C1,0
COc1ccc2c3c1O[C@H]1C[C@@H](OC(=O)C4CC4)C=C[C@@]31CCN(C)C2,0
CCCCCCCCCC(=O)O[C@H]1C=C[C@@]23CCN(C)Cc4ccc(OC)c(c42)O[C@H]3C1,0
COc1ccc2c3c1O[C@H]1C[C@@H](OC(=O)CCOc4ccc(F)cc4)C=C[C@@]31CCN(C)C2,0
CCN(CCOCCNC(=O)NCc1ccccc1)CC1CCCCC1,0
CN(CCOCCNC(=S)Nc1cccc2ccccc12)Cc1ccccc1,0
CCCN=C(NCCC1CCN(Cc2ccccc2)CC1)Nc1ccccc1,0
ON=C(NCCC1CCN(Cc2ccccc2)CC1)Nc1ccccc1,0
C=CCC12CCN(C)C1N(C)c1ccc(OC(=O)Nc3ccc(C(C)C)cc3)cc12,0
C=CCC12CCN(C)C1N(C)c1ccc(OC(=O)Nc3ccc(Br)cc3)cc12,0
CCNC(=S)Nc1nc2c(c(-n3ccnc3)n1)CCC2,0
CCNC(=S)Nc1cc(-n2cccc2)ncn1,0
CCNC(=S)Nc1ncnc(-n2ccnc2)c1C,0
CCNC(=S)Nc1cc(NCc2ccccc2)ncn1,0
CCNC(=S)Nc1ccnc(-n2ccnc2)n1,0
CCNC(=S)Nc1cc(N2CCCC2)ncn1,0
CC1=C[C@H]2Cc3[nH]c(=O)ccc3[C@@]3(C1)[C@@H]2CCCN3C(=O)CN(Cc1ccccc1)c1ccccc1,0
CC1=C[C@H]2Cc3[nH]c(=O)ccc3[C@@]3(C1)[C@@H]2CCCN3CCN(Cc1ccccc1)c1ccccc1,0
CC1(N)CCCc2[nH]c(=O)ccc21,0
NC1(Cc2ccccc2)CCCc2[nH]c(=O)ccc21,0
CC(C)=CCn1c2c(ccc1=O)C(N)CCC2,0
Cn1c2c(ccc1=O)C(NCc1ccccc1)CCC2,0
O=c1ccc2c([nH]1)CCCC2NCCc1ccccc1,0
Cn1c2c(ccc1=O)C(C)(N)CCC2,0
Nc1cc(-c2ccccc2)nc2ccccc12,0
Nc1c2c(nc3ccccc13)-c1ccccc1CO2,0
Nc1c2c(nc3ccccc13)-c1ccccc1CS2,0
C=Cc1cccn1N(C)c1ccncc1,0
N#Cc1cc(-c2ccccc2)nnc1NCCN1CCOCC1,0
c1ccc(-c2cnc(NCCN3CCCCC3)nc2)cc1,0
CC1=NC2CCCc3nc4ccccc4c(c32)N1,0
Nc1c2c(nc3ccccc13)CCCC2N1CCC(c2ccccc2)CC1,0
Nc1c2c(nc3ccccc13)CCCC2N1CCOCC1,0
c1ccc(C2=NC3CCCc4nc5ccccc5c(c43)N2)cc1,0
Nc1c2c(nc3ccccc13)CCCC2N1CCN(c2ccccc2)CC1,0
CN1CCN(C2CCCc3nc4ccccc4c(N)c32)CC1,0
COc1cc2oc(-c3ccc(OC(=O)N(C(C)C)C(C)C)cc3)cc(=O)c2c(O)c1OC,0
COc1cc2oc(-c3cccc(O)c3)cc(=O)c2c(O)c1OC,0
COc1cc2oc(-c3cccc(OC(=O)N4CCOCC4)c3)cc(=O)c2c(O)c1OC,0
COc1cc2oc(-c3cccc(OC(=O)N4CCCCC4)c3)cc(=O)c2c(O)c1OC,0
COc1cc2oc(-c3cccc(O)c3)cc(=O)c2c(OC)c1OC,0
COc1cc2oc(-c3cccc(OC(=O)N4CCOCC4)c3)cc(=O)c2c(OC)c1OC,0
COc1cc2oc(-c3ccc(OC(=O)N4CCOCC4)cc3)cc(=O)c2c(O)c1OC,0
O=C(O)c1cc(O)c(C(=O)O)cc1O,0
CCOC(=O)c1cc(O)c(C(=O)OCC)cc1O,0
c1ccc2c(c1)CN1CCCCC1=N2,0
O=c1c2ccc(Cl)cc2nc2n1CCCCC2,0
S=c1c2ccc(Cl)cc2nc2n1CCCCC2,0
c1ccc2c(c1)CN1CCCCCCCC1=N2,0
CC(C)N(c1ccncc1)n1ccc2ccccc21,0
c1ccc2nn(Nc3ccncc3)cc2c1,0
CCN(c1ccncc1)n1ccc2ccccc21,0
c1ccc2c(c1)ccn2Nc1ccncc1,0
CCCN(c1ccncc1)n1ccc2cc(Br)ccc21,0
CCCN(c1ccncn1)n1ccc2ccccc21,0
CCCN(c1ccncc1)n1c2ccccc2c2ccccc21,0
CCCN(c1ccncc1)n1ccc2cc(Cl)ccc21,0
C=CCN(c1ccncc1)n1ccc2ccccc21,0
CCCN(c1ccncc1)n1ccc2cc(OC)ccc21,0
CCCN(c1ccncc1)n1cccn1,0
c1ccc2c(c1)cnn2Nc1ccncc1,0
CCCN(c1ccncc1)n1cc2ccccc2n1,0
Clc1ccc2c(ccn2Nc2ccncc2)c1,0
CN(c1ccncc1)n1ccc2cc(Br)ccc21,0
CN(c1ccncc1)n1ccc2cc([N+](=O)[O-])ccc21,0
CN(c1ccncc1)n1ccc2ccccc21,0
CCCN(c1ccncc1)n1ncc2ccccc21,0
C#CCN(c1ccncc1)n1ccc2ccccc21,0
Cc1cc2ccccc2n1Nc1ccncc1,0
COc1ccc2c(ccn2Nc2ccncc2)c1,0
O=[N+]([O-])c1ccc2c(ccn2Nc2ccncc2)c1,0
CCCN(c1ccncc1)n1c(C)cc2ccccc21,0
c1cnn(Nc2ccncc2)c1,0
c1ccc2c(c1)c1ccccc1n2Nc1ccncc1,0
CCCN(c1cc(Cl)ncn1)n1ccc2ccccc21,0
Cc1cn(Nc2ccncc2)c2ccccc12,0
Brc1ccc2c(ccn2Nc2ccncc2)c1,0
COc1ccc2c(n1)CCC(OC)C2(C)NCC1CCN(Cc2ccccc2)CC1,0
CC1(NCC2CCN(Cc3ccccc3)CC2)c2ccc(=O)[nH]c2CCC1O,0
CN(C)c1cc(O)c2c(=O)cc(C(=O)O)oc2c1,0
COc1cc(O)c2c(=O)cc(C(=O)O)oc2c1,0
COc1cc(O)c2c(=O)cc(C(=O)NCCCCN3CCOc4ccccc4C3)oc2c1,0
O=C(O)c1cc(=O)c2c(O)cc(O)cc2o1,0
CCOC(=O)c1cc(=O)c2c(O)cccc2o1,0
CC1Cc2cc3[nH]c(=O)ccc3c(c2O)C1,0
Nc1ccncc1,0
O=c1cc(-c2ccc(O)cc2)oc2cc(O)c(O)c(O)c12,0
CN(C)Cc1ccc(=O)[nH]c1,0
NCc1ccc(=O)[nH]c1,0
c1ccc(-c2ccc(NCCN3CCOCC3)nn2)cc1,0
[O-][n+]1ccc(/C=C/c2cccc3ccccc23)cc1,0
