ZINC_ID,standard_smiles
ZINC_0,CC(C)c1cccc(-c2cccc3c2NC(=O)N(C)C3)c1
ZINC_1,CC(C)c1cccc(-c2cccnc2OC(F)F)c1
ZINC_2,Cc1c(-c2cccc(C(C)C)c2)ccc2nccn12
ZINC_3,COC(=O)c1nc2[nH]ccc2cc1-c1cccc(C(C)C)c1
ZINC_4,CC(C)c1cccc(-c2ccc3c(c2)CNC(=O)C3(C)C)c1
ZINC_5,CC(C)c1cccc(-c2ccc(=O)n(CC3CC3)c2)c1
ZINC_6,CC(C)c1cccc(-c2ccc(=O)n(-c3ccncc3)c2)c1
ZINC_7,CC(C)c1cccc(-c2cc(C(N)=O)c3[nH]ccc3c2)c1
ZINC_8,COc1ccnc2cc(-c3cccc(C(C)C)c3)cnc12
ZINC_9,Cc1nc2c(C)c(-c3cccc(C(C)C)c3)cnc2[nH]1
ZINC_10,CC(C)c1cccc(-c2ccc3[nH]cc(CN)c3c2)c1
ZINC_11,CCOc1cc(-c2cccc(C(C)C)c2)cnc1F
ZINC_12,CC(C)c1cccc(-c2ncc(F)c3[nH]ccc23)c1
ZINC_13,CC(C)c1cccc(-c2ccn(CC3CC3)c(=O)c2)c1
ZINC_14,CC(C)c1cccc(-c2ccc(=O)n(CC(F)(F)F)c2)c1
ZINC_15,CC(C)c1cccc(-c2ccc3ccc(=O)n(C)c3c2)c1
ZINC_16,CC(C)c1cccc(-c2cccn(CC3CC3)c2=O)c1
ZINC_17,CC(C)c1cccc(-c2ccc([C@H]3CCC(=O)N3)cc2)c1
ZINC_18,CC(C)c1cccc(-c2ccc([C@@H]3CCC(=O)N3)cc2)c1
ZINC_19,CC(C)c1cccc(-c2cccc3ncn(C)c23)c1
ZINC_20,CC(C)c1cccc(-c2cnccc2/C=C/N(C)C)c1
ZINC_21,CC(C)c1cccc(-c2cc(F)c3nccn3c2)c1
ZINC_22,CC(C)c1cccc(-c2ccc(=O)n(-c3ccccn3)c2)c1
ZINC_23,CC(C)c1cccc(-c2ccc(=O)n(C3CCC3)c2)c1
ZINC_24,CC(C)c1cccc(-c2cccc3c2CNC(=O)N3C)c1
ZINC_25,CC(C)Cn1ccc(-c2cccc(C(C)C)c2)cc1=O
ZINC_26,CC(C)c1cccc(-c2cccc3c2C(C)(C)C(=O)NC3)c1
ZINC_27,CSc1ncc(-c2cccc(C(C)C)c2)c(C)n1
ZINC_28,Cc1nc2cc(-c3cccc(C(C)C)c3)cnc2o1
ZINC_29,CC(C)c1cccc(-c2cccn(-c3ccccn3)c2=O)c1
ZINC_30,CC(C)c1cccc(-c2ccn(-c3cccnc3)c(=O)c2)c1
ZINC_31,CCOCc1cncc(-c2cccc(C(C)C)c2)c1
ZINC_32,CC(C)c1cccc(-c2ccn(C3CCC3)c(=O)c2)c1
ZINC_33,Cc1cc(-c2cccc(C(C)C)c2)cc2c1OCC(=O)N2
ZINC_34,CC(C)c1cccc(-c2cccc(Cn3ccnc3N)c2)c1
ZINC_35,CC(C)c1cccc(-c2cn(-c3ccccc3)c(=O)cn2)c1
ZINC_36,CCOC(=O)c1cc(C)c(-c2cccc(C(C)C)c2)cn1
ZINC_37,CC(C)c1cccc(-c2cnn(-c3ccccc3)c(=O)c2)c1
ZINC_38,CC(C)c1cccc(-c2ccnc(OC3CCOCC3)c2)c1
ZINC_39,CC(C)c1cccc(-c2cccc3c2CCN(C)C3=O)c1
ZINC_40,CC(C)c1cccc(-c2cc(C(=O)N(C)C)ccc2F)c1
ZINC_41,Cc1c(-c2cccc(C(C)C)c2)ccc2c1NC(=O)CO2
ZINC_42,CCCOc1ccc(-c2ccc3[nH]c(O)c(C)c3c2)cc1
ZINC_43,CCCOc1ccc(-c2ccc3[nH]c(O)c(C)c3c2)cc1
ZINC_44,CCCOc1ccc(-c2nc(C3CC3)nc3[nH]ccc23)cc1
ZINC_45,CCCOc1ccc(-c2nc3cnccc3cc2C)cc1
ZINC_46,CCCOc1ccc(-c2ccc3c(c2)NC(=O)CC3)cc1
ZINC_47,CCCOc1ccc(-c2ccccc2C(OC)OC)cc1
ZINC_48,CCCOc1ccc(-c2cc3[nH]cnc3cc2C)cc1
ZINC_49,CCCOc1ccc(-c2ccccc2C(C)(C)O)cc1
ZINC_50,CCCOc1ccc(-c2ccnc(-c3nccs3)n2)cc1
ZINC_51,CCCOc1ccc(-c2nccnc2C(C)C)cc1
ZINC_52,CCCOc1ccc(-c2cc(OC)c(C)cc2OC)cc1
ZINC_53,CCCOc1ccc(-c2ccc3[nH]c(C)nc3c2)cc1
ZINC_54,CCCOc1ccc(-c2ccc3cnncc3c2)cc1
ZINC_55,CCCOc1ccc(-c2ccc3c(c2)ncn3C)cc1
ZINC_56,CCCOc1ccc(-c2ccnc(N3CCCC3)c2)cc1
ZINC_57,CCCOc1ccc(-c2cc(F)c(F)cc2OC)cc1
ZINC_58,CCCOc1ccc(-c2cccc3nc(C)cn23)cc1
ZINC_59,CCCOc1ccc(-c2cnc3cc[nH]c3c2)cc1
ZINC_60,CCCOc1ccc(-c2ncccc2C2CCOCC2)cc1
ZINC_61,CCCOc1ccc(-c2ccc3c(c2)CCC(=O)N3)cc1
ZINC_62,CCCOc1ccc(-c2cnc(OC)c3[nH]ccc23)cc1
ZINC_63,CCCOc1ccc(-c2cc(CSC)ccn2)cc1
ZINC_64,CCCOc1ccc(-c2nccnc2O[C@H](C)CC)cc1
ZINC_65,CCCOc1ccc(-c2nccnc2O[C@@H](C)CC)cc1
ZINC_66,CCCOc1ccc(-c2nc(C)cc(C(C)C)n2)cc1
ZINC_67,CCCOc1ccc(-c2cnc3[nH]ccc3c2C)cc1
ZINC_68,CCCOc1ccc(-c2cccc3ncncc23)cc1
ZINC_69,CCCOc1ccc(-c2nccc3ccn(C)c23)cc1
ZINC_70,CCCOc1ccc(-c2cccc(F)c2OC)cc1
ZINC_71,CCCCc1cc(-c2ccc(OCCC)cc2)ncn1
ZINC_72,CCCOc1ccc(-c2cccc3c2COCC3)cc1
ZINC_73,CCCOc1ccc(-c2cc(F)cc(F)c2OC)cc1
ZINC_74,CCCOc1ccc(-c2ccc3c(C)c(O)[nH]c3c2)cc1
ZINC_75,CCCOc1ccc(-c2ccc3c(C)c(O)[nH]c3c2)cc1
ZINC_76,CCCOc1ccc(-c2nc(C3CC3)nc(C)c2OC)cc1
ZINC_77,CCCOc1ccc(-c2cccc3[nH]cnc23)cc1
ZINC_78,CCCOc1ccc(-c2cccc3nccnc23)cc1
ZINC_79,CCCOc1ccc(-c2ccccc2CC(=O)OCC)cc1
ZINC_80,CCCOc1ccc(-c2cccc(C3CC3)n2)cc1
ZINC_81,CCCOc1ccc(-c2ccc(-n3ccnc3)cc2)cc1
ZINC_82,CCCOc1ccc(-c2ccc(SC(C)C)nn2)cc1
ZINC_83,CCCOc1ccc(-c2ccc3c(c2)CCOC3)cc1
ZINC_84,CCCOc1ccc(-c2cc(C)c3[nH]cnc3c2)cc1
ZINC_85,CCCOc1ccc(-c2nc(C)cc3cccnc23)cc1
ZINC_86,CCCOc1ccc(-c2cccc(C3OCCO3)c2)cc1
ZINC_87,CCCOc1ccc(-c2ncccc2CN2CCCC2)cc1
ZINC_88,CCCOc1ccc(-c2cccc(COCC3CC3)n2)cc1
ZINC_89,CCCOc1ccc(-c2ccnc(-c3cncs3)n2)cc1
ZINC_90,CCCOc1ccc(-c2ccc3ncnc(OC)c3c2)cc1
ZINC_91,CCCOc1ccc(-c2ncccc2C(=O)OC(C)C)cc1
ZINC_92,CCCOc1ccc(-c2ccc(F)c(C(=O)OC)c2)cc1
ZINC_93,CCCOc1ccc(-c2cncc(SC)c2)cc1
ZINC_94,CCCOc1ccc(-c2ccc(NC(C)=O)c(F)c2)cc1
ZINC_95,CCCOc1ccc(-c2nc3cccnc3cc2C)cc1
ZINC_96,CCCOc1ccc(-c2cc(C3CCC3)ncn2)cc1
ZINC_97,CCCOc1ccc(-c2cccc(CNC(=O)CC)c2)cc1
ZINC_98,CCCOc1ccc(-c2cc(F)ccc2NC(C)=O)cc1
ZINC_99,CCCOc1ccc(-c2cc(NC(C)=O)ccc2C)cc1
ZINC_100,CCCOc1ccc(-c2ccc(CSC)cn2)cc1
ZINC_101,CCCOc1ccc(-c2nc(CC)cc(CC)n2)cc1
ZINC_102,CCCOc1ccc(-c2ccc(C(=O)OC)c(F)c2)cc1
ZINC_103,CCCOc1ccc(-c2ncccc2OC(C)C)cc1
ZINC_104,CCCOc1ccc(-c2nc(C3CC3)nc3c2CCC3)cc1
ZINC_105,CCCOc1ccc(-c2cc3c(nn2)CC[C@@H](C)C3)cc1
ZINC_106,CCCOc1ccc(-c2cc3c(nn2)CC[C@H](C)C3)cc1
ZINC_107,CCCOc1ccc(-c2ccc3c(c2)COC3)cc1
ZINC_108,CCCOc1ccc(-c2nc(C)nc3c2CCCC3)cc1
ZINC_109,CCCOc1ccc(-c2nnc(C)c3ccccc23)cc1
ZINC_110,CCCOc1ccc(-c2cc(C(C)(C)C)ncn2)cc1
ZINC_111,CCCOc1ccc(-c2ncnc3[nH]cc(SC)c23)cc1
ZINC_112,CCCOc1ccc(-c2ncc(F)c3cc[nH]c23)cc1
ZINC_113,CCCOc1ccc(-c2ccc(C3CCC3)nn2)cc1
ZINC_114,CCCOc1ccc(-c2ncnc3cc(C)sc23)cc1
ZINC_115,CCCOc1ccc(-c2ccc(C(C)(C)C)nn2)cc1
ZINC_116,CCCOc1ccc(-c2nccc(C)c2C(=O)OCC)cc1
ZINC_117,CCCOc1ccc(-c2cncc(SCC)n2)cc1
ZINC_118,CCCOc1ccc(-c2ccc3ncc(F)cc3n2)cc1
ZINC_119,CCCOc1ccc(-c2cc(N3CCCC3)ccn2)cc1
ZINC_120,CCCOc1ccc(-c2cc(C)nc(C(C)C)n2)cc1
ZINC_121,CCCOc1ccc(-c2nccc3ncsc23)cc1
ZINC_122,CCCOc1ccc(-c2nccc3cnccc23)cc1
ZINC_123,CCCOc1ccc(-c2ncnc3cccc(OC)c23)cc1
ZINC_124,CCCOc1ccc(-c2ncc(OC)c3cc[nH]c23)cc1
ZINC_125,CCCOc1ccc(-c2cc3[nH]ccc3c(C)n2)cc1
ZINC_126,CCCOc1ccc(-c2nc(C)nc3cc(C)[nH]c23)cc1
ZINC_127,CCCOc1ccc(-c2cc(CCC)nc(C)n2)cc1
ZINC_128,CCCOc1ccc(-c2nnc(C)cc2C(F)(F)F)cc1
ZINC_129,CCCOc1ccc(-c2ncnc3c(C)c(C)[nH]c23)cc1
ZINC_130,CCCOc1ccc(-c2ncnc3c2ccn3C(C)C)cc1
ZINC_131,CCCOc1ccc(-c2ncccc2C(F)F)cc1
ZINC_132,CCCOc1ccc(-c2ncc(C(F)(F)F)cc2N)cc1
ZINC_133,CCCOc1ccc(-c2ccc(COCC3CC3)cn2)cc1
ZINC_134,CCCOc1ccc(-c2ncc3cc(C)sc3n2)cc1
ZINC_135,CCCOc1ccc(-c2cccc(SC)n2)cc1
ZINC_136,CCCOc1ccc(-c2ccc(CN3CCCC3)cn2)cc1
ZINC_137,CCCOc1ccc(-c2cc(C)c3cc[nH]c3n2)cc1
ZINC_138,CCCOc1ccc(-c2cc(SC)ccn2)cc1
ZINC_139,CCCOc1ccc(-c2ccc3ncsc3n2)cc1
ZINC_140,CCCOc1ccc(-c2ncc(C)c3cc[nH]c23)cc1
ZINC_141,CCCOc1ccc(-c2ncc3cc(F)ccc3n2)cc1
ZINC_142,CCCOc1ccc(-c2ccc(CN(C)C3CC3)cn2)cc1
ZINC_143,CCCOc1ccc(-c2cc(CC(C)C)ncn2)cc1
ZINC_144,CCCOc1ccc(-c2cc(-c3ccco3)ncn2)cc1
ZINC_145,CCCOc1ccc(-c2nccc(C(C)C)n2)cc1
ZINC_146,CCCOc1ccc(-c2nc(C3CC3)nc(C)c2F)cc1
ZINC_147,CCCOc1ccc(-c2ccc(-c3ccco3)nn2)cc1
ZINC_148,CCCOc1ccc(-c2nnc(OC)c3ccccc23)cc1
ZINC_149,CCCOc1ccc(-c2cc(C)nc(C3CC3)n2)cc1
ZINC_150,CCCOc1ccc(-c2nccc(SC)c2F)cc1
ZINC_151,CCCOc1ccc(-c2ccc(COC(C)C)cn2)cc1
ZINC_152,CCCOc1ccc(-c2cc3cc(C)[nH]c3cn2)cc1
ZINC_153,CCCOc1ccc(-c2ncc3scc(C)c3n2)cc1
ZINC_154,COCCOc1ccc(-c2ncc(C)c3ccccc23)cc1
ZINC_155,COCCOc1ccc(-c2nccc3c(F)cccc23)cc1
ZINC_156,COCCOc1ccc(-c2ncc(F)c3ccccc23)cc1
ZINC_157,COCCOc1ccc(-c2ccc3cc(C)ccc3n2)cc1
ZINC_158,COCCOc1ccc(-c2ccc3cc(F)ccc3n2)cc1
ZINC_159,COCCOc1ccc(-c2cc(C(C)(C)C)ccn2)cc1
ZINC_160,COCCOc1ccc(-c2nccc3cc(F)ccc23)cc1
ZINC_161,COCCOc1ccc(-c2nccc3sc(C)cc23)cc1
ZINC_162,COCCOc1ccc(-c2nc3ccccc3cc2C)cc1
ZINC_163,COCCOc1ccc(-c2nccc3ccc(C)cc23)cc1
ZINC_164,COCCOc1ccc(-c2nc(C)cc3ccccc23)cc1
ZINC_165,COCCOc1ccc(-c2cc3ccc(C)cc3cn2)cc1
ZINC_166,COCCOc1ccc(-c2ccc3cccc(C)c3n2)cc1
ZINC_167,COCCOc1ccc(-c2cc3cc(F)ccc3cn2)cc1
ZINC_168,COCCOc1ccc(-c2ccc3cccc(F)c3n2)cc1
ZINC_169,COCCOc1ccc(-c2nccc3cc(C)ccc23)cc1
ZINC_170,COCCOc1ccc(-c2ccc3scc(C)c3n2)cc1
ZINC_171,COCCOc1ccc(-c2nccc3c(C)cccc23)cc1
ZINC_172,COCCOc1ccc(-c2nccc3ccc(F)cc23)cc1
ZINC_173,COCCOc1ccc(-c2ccc3ccc(F)cc3n2)cc1
ZINC_174,COCCOc1ccc(-c2cc3ccc(F)cc3cn2)cc1
ZINC_175,COCCOc1ccc(-c2nccc3cccc(C)c23)cc1
ZINC_176,COCCOc1ccc(-c2c(C)cc(F)cc2C)cc1
ZINC_177,CCCOc1ccc(-c2ccc3nnccc3c2)cc1
ZINC_178,CCCOc1ccc(-c2cncc3cc[nH]c23)cc1
ZINC_179,CCCOc1ccc(-c2cccc3cncnc23)cc1
ZINC_180,CCCOc1ccc(-c2ccc(C)c(NC(C)=O)c2)cc1
ZINC_181,CCCOc1ccc(-c2ccc3c(c2)NC(=O)N(C)C3)cc1
ZINC_182,CCCOc1ccc(-c2ccc3c(c2)C2(CC2)C(=O)N3)cc1
ZINC_183,CCCOc1ccc(-c2cccc(C)c2OC)cc1
ZINC_184,CCCOc1ccc(-c2cccc3c2ncn3C)cc1
ZINC_185,CCCOc1ccc(-c2cc(F)c3nccnc3c2)cc1
ZINC_186,CCCOc1ccc(-c2cnc3c(c2)CCC3)cc1
ZINC_187,CCCOc1ccc(-c2cccc3c2C2(CC2)C(=O)N3)cc1
ZINC_188,CCCOc1ccc(-c2ccc3c(N)ccnc3c2)cc1
ZINC_189,CCCOc1ccc(-c2ccc(NC(C)=O)cc2C)cc1
ZINC_190,CCCOc1ccc(-c2cccc3oncc23)cc1
ZINC_191,CCCOc1ccc(-c2cccc3cnncc23)cc1
ZINC_192,CCCOc1ccc(-c2ccc(C3(N)CCC3)cc2)cc1
ZINC_193,CCCOc1ccc(-c2ccc3nc(N)sc3c2)cc1
ZINC_194,CCCOc1ccc(-c2cc(F)cc3nccnc23)cc1
ZINC_195,CCCOc1ccc(-c2cnc3scnc3c2)cc1
ZINC_196,CCCOc1ccc(-c2cnc3ncccc3c2)cc1
ZINC_197,CCCOc1ccc(-c2cc(C(=O)OCC)cnc2C)cc1
ZINC_198,CCCOc1ccc(-c2cccc(C3(C)OCCO3)c2)cc1
ZINC_199,CCCOc1ccc(-c2ccc3ncncc3c2)cc1
ZINC_200,CCCOc1ccc(-c2cncnc2C(C)(C)C)cc1
ZINC_201,CCCOc1ccc(-c2ccc3nnc(C(C)C)n3c2)cc1
ZINC_202,CCCOc1ccc(-c2cnc3ccoc3c2)cc1
ZINC_203,CCCOc1ccc(-c2cc(C)c3c(c2)CCC(=O)N3)cc1
ZINC_204,CCCOc1ccc(-c2cccc3c2CCC(=O)N3)cc1
ZINC_205,CCCOc1ccc(-c2cc3[nH]cnc3cc2OC)cc1
ZINC_206,CCCOc1ccc(-c2cc(C)c3nccn3c2)cc1
ZINC_207,CCCOc1ccc(-c2ccn(C3CCC3)c(=O)c2)cc1
ZINC_208,CCCOc1ccc(-c2ncccc2C2CC2)cc1
ZINC_209,COCCOc1ccc(-c2ccc(C(C)(C)C)cn2)cc1
ZINC_210,CCCOc1ccc(-c2cccc(OC(C)=O)c2)cc1
ZINC_211,CCCOc1ccc(-c2ccc3ncoc3c2)cc1
ZINC_212,CCCOc1ccc(-c2cccc3c2NC(=O)C32CC2)cc1
ZINC_213,CCCOc1ccc(-c2ccc3[nH]cnc3c2C)cc1
ZINC_214,CCCOc1ccc(-c2cc(C)ccc2NC(C)=O)cc1
ZINC_215,CCCOc1ccc(-c2ccc3c(c2)NC(=O)C32CC2)cc1
ZINC_216,CCCOc1ccc(-c2cccc3c2C(C)(C)C(=O)N3)cc1
ZINC_217,CCCOc1ccc(-c2cnc3[nH]cc(F)c3c2)cc1
ZINC_218,CCCOc1ccc(-c2cn3ccnc3cc2C)cc1
ZINC_219,CCCOc1ccc(-c2ccccc2CCC(=O)OC)cc1
ZINC_220,CCCOc1ccc(-c2ccccc2C2OCCO2)cc1
ZINC_221,CCCOc1ccc(-c2cncc(CN3CCCC3)c2)cc1
ZINC_222,CCCOc1ccc(-c2ccc3nc(N)ccc3c2)cc1
ZINC_223,CCCOc1ccc(-c2cnc3ccncc3c2)cc1
ZINC_224,CCCOc1ccc(-c2ccc([C@@H]3CCNC3)cc2)cc1
ZINC_225,CCCOc1ccc(-c2ccc([C@H]3CCNC3)cc2)cc1
ZINC_226,CCCOc1ccc(-c2c(C)cccc2OC)cc1
ZINC_227,CCCOc1ccc(-c2ccc(C(F)F)nc2)cc1
ZINC_228,CCCOc1ccc(-c2ccc3cnc(C)nc3c2)cc1
ZINC_229,CCCOc1ccc(-c2ccccc2C2(N)CC2)cc1
ZINC_230,CCCOc1ccc(-c2ccnc3[nH]c(C)cc23)cc1
ZINC_231,CCCOc1ccc(-c2ccc(OC)c(CN(C)C)c2)cc1
ZINC_232,CCCOc1ccc(-c2cncc(C(F)F)c2)cc1
ZINC_233,CCCOc1ccc(-c2cccc(C3(N)CCC3)c2)cc1
ZINC_234,CCCOc1ccc(-c2ccc3oc(=O)ccc3c2)cc1
ZINC_235,CCCOc1ccc(-c2ccnc3c2ccn3C)cc1
ZINC_236,CCCOc1ccc(-c2cccc3c2CN(C)C(=O)N3)cc1
ZINC_237,CCCOc1ccc(-c2ccc3oncc3c2)cc1
ZINC_238,CCCOc1ccc(-c2cccnc2C(F)F)cc1
ZINC_239,CCCOc1ccc(-c2ccnc(C3CC3)c2)cc1
ZINC_240,CCCOc1ccc(-c2cccc(C3(N)CC3)c2)cc1
ZINC_241,CCCOc1ccc(-c2cccc(C(C)(C)N)c2)cc1
ZINC_242,CCCOc1ccc(-c2cc3[nH]cnc3cc2F)cc1
ZINC_243,COCCOc1ccc(-c2cnc3cc(F)ccc3c2)cc1
ZINC_244,COCCOc1ccc(-c2ccc3[nH]cc(C)c3c2)cc1
ZINC_245,CCc1cc2c(-c3ccc(OCCOC)cc3)nccc2o1
ZINC_246,CCCOc1ccc(-c2cnc3occc3c2)cc1
ZINC_247,CCCOc1ccc(-c2ccc3cnoc3c2)cc1
ZINC_248,CCCOc1ccc(-c2ccc3c(c2)C(C)(C)C(=O)N3)cc1
ZINC_249,CCCOc1ccc(-c2ccc(OC(F)F)nc2)cc1
ZINC_250,CCCOc1ccc(-c2ccnc(OC(F)F)c2)cc1
ZINC_251,COCCOc1ccc(-c2ccc3nc(C)ccc3c2)cc1
ZINC_252,CCCOc1ccc(-c2cccnc2OC(F)F)cc1
ZINC_253,CCCOc1ccc(-c2ccc(C3(N)CC3)cc2)cc1
ZINC_254,CCCOc1ccc(-c2cnc3[nH]ccc3c2F)cc1
ZINC_255,CCCOc1ccc(-c2cc(NC(C)=O)ccc2F)cc1
ZINC_256,CCCOc1ccc(-c2cccc3nsnc23)cc1
ZINC_257,CCCOc1ccc(-c2ccc(OCOC)cc2)cc1
ZINC_258,CCCOc1ccc(-c2ccc3c(c2)CCN3C(C)=O)cc1
ZINC_259,CCCOc1ccc(-c2c(C)cc(OC)nc2C)cc1
ZINC_260,CCCOc1ccc(-c2ccc(SC)cn2)cc1
ZINC_261,CCCOc1ccc(-c2cncc(F)c2CC)cc1
ZINC_262,CCCOc1ccc(-c2cnc(C)c(C(=O)OCC)c2)cc1
ZINC_263,CCCOc1ccc(-c2ccc(OC)c(OC)c2C)cc1
ZINC_264,CCCOc1ccc(-c2ccnc(C(F)F)c2)cc1
ZINC_265,CCCOc1ccc(-c2ccc3c(c2)CCN(C)C3)cc1
ZINC_266,CCCOc1ccc(-c2ccc3c(c2)CCCC(=O)N3)cc1
ZINC_267,CCCOc1ccc(-c2cccc3cnoc23)cc1
ZINC_268,CCCOc1ccc(-c2ccc(CN3CCC3)cc2)cc1
ZINC_269,CCCOc1ccc(-c2ccc(C(C)C(=O)OC)cc2)cc1
ZINC_270,CCCOc1ccc(-c2ccc(C(C)C(=O)OC)cc2)cc1
ZINC_271,CCCOc1ccc(-c2cccc3cc(N)cnc23)cc1
ZINC_272,CCCOc1ccc(-c2ccc(C)cc2OC)cc1
ZINC_273,CCCOc1ccc(-c2ccc(C(C)(C)N)cc2)cc1
ZINC_274,COCCOc1ccc(-c2cnc3ccc(F)cc3c2)cc1
ZINC_275,CCCOc1ccc(-c2cccc(C3COC3)c2)cc1
ZINC_276,CCCOc1ccc(-c2ccc3c(c2)SCC(=O)N3)cc1
ZINC_277,CCCOc1ccc(-c2c(OC)ncc3cc[nH]c23)cc1
ZINC_278,CCCOc1ccc(-c2cc(C)ccc2OCOC)cc1
ZINC_279,CCCOc1ccc(-c2ccccc2OCCN(C)C)cc1
ZINC_280,CCCOc1ccc(-c2ccc(NC(C)=O)c(C)c2)cc1
ZINC_281,C=Cc1ccccc1-c1ccc(OCCOC)cc1
ZINC_282,CCCOc1ccc(-c2ccc(NC(C)=O)cc2F)cc1
ZINC_283,CCCOc1ccc(-c2cncc3[nH]ccc23)cc1
ZINC_284,CCCOc1ccc(-c2ccc(-c3nnco3)cc2)cc1
ZINC_285,CCCOc1ccc(-c2cccc3[nH]c(C)nc23)cc1
ZINC_286,CCCOc1ccc(-c2ccccc2Cn2ccnc2)cc1
ZINC_287,CCCOc1ccc(-c2cccc(F)c2C(=O)OC)cc1
ZINC_288,CCCOc1ccc(-c2cnc3sc(C)nc3c2)cc1
ZINC_289,CCCOc1ccc(-c2ccc3nsnc3c2)cc1
ZINC_290,CCCOc1ccc(-c2ccc3ccc(=O)oc3c2)cc1
ZINC_291,CCCOc1ccc(-c2ccc(COC)cc2F)cc1
ZINC_292,CCCOc1ccc(-c2ccc(S(C)(=N)=O)cc2)cc1
ZINC_293,CCCOc1ccc(-c2ccc(S(C)(=N)=O)cc2)cc1
ZINC_294,CCCOc1ccc(-c2ccc3cc(N)cnc3c2)cc1
ZINC_295,CCCOc1ccc(-c2ccc3ccnnc3c2)cc1
ZINC_296,[H]/N=C(/OC)c1cccc(-c2ccc(OCCC)cc2)c1
ZINC_297,[H]/N=C(\OC)c1cccc(-c2ccc(OCCC)cc2)c1
ZINC_298,CCCOc1ccc(-c2cccn(C3CCC3)c2=O)cc1
ZINC_299,CCCOc1ccc(-c2ccc(C3OCCO3)cc2)cc1
ZINC_300,CCCOc1ccc(-c2cnc3ccn(C)c3c2)cc1
ZINC_301,CCCOc1ccc(-c2cccc3ccc(N)nc23)cc1
ZINC_302,COCCOc1ccc(-c2ccnc3ccc(F)cc23)cc1
ZINC_303,CCCOc1ccc(-c2ccc3ocnc3c2)cc1
ZINC_304,COCCOc1ccc(-c2ccnc3cc(F)ccc23)cc1
ZINC_305,CCCOc1ccc(-c2cc(COC)ccc2F)cc1
ZINC_306,CCCOc1ccc(-c2ccc(N3CCCC3=O)cc2)cc1
ZINC_307,CCCOc1ccc(-c2cccc3ocnc23)cc1
ZINC_308,CCCOc1ccc(-c2ccc(OC)c(NC(C)=O)c2)cc1
ZINC_309,COCCOc1ccc(-c2c(C)ccc3cnccc23)cc1
ZINC_310,COCCOc1ccc(-c2ccccc2SC)cc1
ZINC_311,CCCOc1ccc(-c2cncc(CN(CC)CC)c2)cc1
ZINC_312,COCCOc1ccc(-c2cccc3cncc(C)c23)cc1
ZINC_313,COCCOc1ccc(-c2ccc(-c3ccno3)cc2)cc1
ZINC_314,COCCOc1ccc(-c2ccc(C)c3cccnc23)cc1
ZINC_315,COCCOc1ccc(-c2ccc3nc(C)sc3c2)cc1
ZINC_316,COCCOc1ccc(-c2cncc3ccc(C)cc23)cc1
ZINC_317,COCCOc1ccc(-c2cccc3ccoc23)cc1
ZINC_318,CCCOc1ccc(-c2cnc(C(=O)OCC)c(C)c2)cc1
ZINC_319,CCCOc1ccc(-c2ccc3c(c2)COCC3)cc1
ZINC_320,CCCOc1ccc(-c2cc(C)cn3ccnc23)cc1
ZINC_321,CCCOc1ccc(-c2cccc(C(=O)OC)c2F)cc1
ZINC_322,CCCOc1ccc(-c2cccc3c2NC(=O)CC3)cc1
ZINC_323,CCCOc1ccc(-c2ccc(C3(C)COC3)cc2)cc1
ZINC_324,CCCOc1ccc(-c2cccc3ccc(=O)oc23)cc1
ZINC_325,CCCOc1ccc(-c2ccc(NC(C)=O)c(OC)c2)cc1
ZINC_326,CCCOc1ccc(-c2ccc3nc(C)cn3c2)cc1
ZINC_327,CCCOc1ccc(-c2cccc3ncoc23)cc1
ZINC_328,CCCOc1ccc(-c2c(F)cc(OC)cc2OC)cc1
ZINC_329,CCCOc1ccc(-c2cc3cc[nH]c3nc2C)cc1
ZINC_330,CCCOc1ccc(-c2cncc3cccnc23)cc1
ZINC_331,CCCOc1ccc(-c2cnc(F)c(OC(C)C)c2)cc1
ZINC_332,CCCOc1ccc(-c2ccc(Cn3ccnc3)cc2)cc1
ZINC_333,CCCOc1ccc(-c2cccc(NC(=O)OC)c2)cc1
ZINC_334,COCCOc1ccc(-c2ccc(-c3ccon3)cc2)cc1
ZINC_335,CCCOc1ccc(-c2ccc(=O)n(CC3CCC3)c2)cc1
ZINC_336,CCCOc1ccc(-c2ccnc3ncccc23)cc1
ZINC_337,CCCOc1ccc(-c2ccc3[nH]cnc3c2F)cc1
ZINC_338,CCCOc1ccc(-c2ccc(F)c(COC)c2)cc1
ZINC_339,COCCOc1ccc(-c2ccc(C(C)(F)F)cc2)cc1
ZINC_340,CCCOc1ccc(-c2ccc(C(=O)OCC)nc2C)cc1
ZINC_341,CCCOc1ccc(-c2cccc3c2COC3)cc1
ZINC_342,CCCOc1ccc(-c2ccccc2C2(N)CCC2)cc1
ZINC_343,COCCOc1ccc(-c2cccc3nc(C)ccc23)cc1
ZINC_344,CCCOc1ccc(-c2ccc3nnc(C4CC4)n3c2)cc1
ZINC_345,C=Cc1cccc(-c2ccc(OCCOC)cc2)c1
ZINC_346,CCCOc1ccc(-c2cnc(C(C)(C)C)nc2)cc1
ZINC_347,CCCOc1ccc(-c2ccc3c(c2)NC(=O)C3(C)C)cc1
ZINC_348,COCCOc1ccc(-c2cc(C)c(C)cc2C)cc1
ZINC_349,CCCOc1ccc(-c2ccccc2C(C)(C)N)cc1
ZINC_350,CCCOc1ccc(-c2cc(F)c3[nH]cnc3c2)cc1
ZINC_351,COCCOc1ccc(-c2cc(F)c3ncccc3c2)cc1
ZINC_352,CCCOc1ccc(-c2ccc(C(F)F)cn2)cc1
ZINC_353,COCCOc1ccc(-c2cccc(OC3CCC3)c2)cc1
ZINC_354,COCCOc1ccc(-c2ccccc2OC2CCC2)cc1
ZINC_355,COCCOc1ccc(-c2c(F)ccc3cccnc23)cc1
ZINC_356,COCCOc1ccc(-c2ccc(F)c3cnccc23)cc1
ZINC_357,COCCOc1ccc(-c2cc(F)cc3cccnc23)cc1
ZINC_358,COCCOc1ccc(-c2ccc(C)c3ncccc23)cc1
ZINC_359,COCCOc1ccc(-c2cccc(-c3ncco3)c2)cc1
ZINC_360,COCCOc1ccc(-c2cc(F)c(F)c(C)c2F)cc1
ZINC_361,COCCOc1ccc(-c2ccc3cccnc3c2C)cc1
ZINC_362,COCCOc1ccc(-c2ccccc2-c2ncco2)cc1
ZINC_363,COCCOc1ccc(-c2c(C)ccc3[nH]ccc23)cc1
ZINC_364,COCCOc1ccc(-c2cc(C)cc3[nH]ccc23)cc1
ZINC_365,COCCOc1ccc(-c2cc(C)cc3ncccc23)cc1
ZINC_366,COCCOc1ccc(-c2cccc(C3CC3)c2)cc1
ZINC_367,COCCOc1ccc(-c2c(C)ccc3cccnc23)cc1
ZINC_368,COCCOc1ccc(-c2cc(C)nc3ccccc23)cc1
ZINC_369,COc1cc(C)c(-c2cc(-c3ccccc3)ccn2)cn1
ZINC_370,COCCOc1ccc(-c2c(C)cc(OC)cc2C)cc1
ZINC_371,C=Cc1ccc(F)cc1-c1ccc(OCCOC)cc1
ZINC_372,COCCOc1ccc(-c2ccccc2-c2cnco2)cc1
ZINC_373,CCSc1ccc(-c2ccc(OCCOC)cc2)cc1
ZINC_374,COCCOc1ccc(-c2ccc3cc(C)[nH]c3c2)cc1
ZINC_375,COCCOc1ccc(-c2ccc3sc(C)nc3c2)cc1
ZINC_376,COCCOc1ccc(-c2ccc(C)c3cc[nH]c23)cc1
ZINC_377,COCCOc1ccc(-c2ccc(OC)c(C)c2C)cc1
ZINC_378,COCCOc1ccc(-c2ccccc2OC(C)C)cc1
ZINC_379,COCCOc1ccc(-c2cc3[nH]ccc3cc2C)cc1
ZINC_380,COCCOc1ccc(-c2ccc3nccc(C)c3c2)cc1
ZINC_381,COCCOc1ccc(-c2cccc3occc23)cc1
ZINC_382,COCCOc1ccc(-c2ccc(-c3cnco3)cc2)cc1
ZINC_383,COCCOc1ccc(-c2ccc(-c3ncco3)cc2)cc1
ZINC_384,C=Cc1ccc(-c2ccc(OCCOC)cc2)cc1
ZINC_385,COCCOc1ccc(-c2ccc3c(C)ccnc3c2)cc1
ZINC_386,COc1cc(C)c(-c2ccc(-c3ccccc3)cn2)cn1
ZINC_387,COCCOc1ccc(-c2ccc(F)c3ccoc23)cc1
ZINC_388,COCCOc1ccc(-c2ccc(C3CC3)cc2)cc1
ZINC_389,CCc1nc2cc(-c3ccc(OCCOC)cc3)ccc2o1
ZINC_390,COCCOc1ccc(-c2ccccc2C(C)(F)F)cc1
ZINC_391,COCCOc1ccc(-c2cccc(-c3cnco3)c2)cc1
ZINC_392,COCCOc1ccc(-c2ccc3c(C)c[nH]c3c2)cc1
ZINC_393,COCCOc1ccc(-c2cccc3[nH]cc(C)c23)cc1
ZINC_394,COCCOc1ccc(-c2cccc3c(C)c[nH]c23)cc1
ZINC_395,COCCOc1ccc(-c2cc3cccnc3cc2F)cc1
ZINC_396,COCCOc1ccc(-c2ccc3[nH]c(C)c(C)c3c2)cc1
ZINC_397,COCCOc1ccc(-c2ccc3ccoc3c2)cc1
ZINC_398,COCCOc1ccc(-c2ccc3ccc(C)nc3c2)cc1
ZINC_399,COCCOc1ccc(-c2ccnc3ccc(C)cc23)cc1
ZINC_400,COCCOc1ccc(-c2ccc(F)c3cccnc23)cc1
ZINC_401,COCCOc1ccc(-c2cccc3[nH]c(C)cc23)cc1
ZINC_402,COCCOc1ccc(-c2cccc3cc(F)cnc23)cc1
ZINC_403,COCCOc1ccc(-c2cc(C)cc3cccnc23)cc1
ZINC_404,COCCOc1ccc(-c2ccc(F)c3ncccc23)cc1
ZINC_405,CCCOc1ccc(-c2cnc(OC)c(C(F)F)c2)cc1
ZINC_406,CCCOc1ccc(-c2cc(OC)nc3[nH]ccc23)cc1
ZINC_407,CCCOc1ccc(-c2ccc(OC)cc2CN(C)C)cc1
ZINC_408,CCCOc1ccc(-c2ccc(OC)c(F)c2OC)cc1
ZINC_409,CCCOc1ccc(-c2cnc(C)nc2C(F)(F)F)cc1
ZINC_410,CCCOc1ccc(-c2ccc3[nH]cc(CN)c3c2)cc1
ZINC_411,CCCOc1ccc(-c2cc(OC)c(OC)cc2F)cc1
ZINC_412,CCCOc1ccc(-c2cnc3[nH]ncc3c2)cc1
ZINC_413,CCCOc1ccc(-c2cnc3c(OC)ccnc3c2)cc1
ZINC_414,CCCOc1ccc(-c2cnc(C(=O)OCC)cc2C)cc1
ZINC_415,CCCOc1ccc(-c2cnccc2/C=C/N(C)C)cc1
ZINC_416,COCCOc1ccc(-c2ccccc2C2CC2)cc1
ZINC_417,COCCOc1ccc(-c2cc3cccnc3cc2C)cc1
ZINC_418,COCCOc1ccc(-c2cc(F)cc(SC)c2)cc1
ZINC_419,COCCOc1ccc(-c2ccc3cc(F)cnc3c2)cc1
ZINC_420,COCCOc1ccc(-c2cc3cnccc3cc2F)cc1
ZINC_421,COCCOc1ccc(-c2c(C)cc(C)c(F)c2C)cc1
ZINC_422,COCCOc1ccc(-c2cnc3c(F)cccc3c2)cc1
ZINC_423,COCCOc1ccc(-c2ccc(F)c(C)c2C)cc1
ZINC_424,COCCOc1ccc(-c2cccc3nc(C)sc23)cc1
ZINC_425,COCCOc1ccc(-c2cncc3c(F)cccc23)cc1
ZINC_426,CCCOc1ccc(-c2ccc(=O)n(C3CCC3)c2)cc1
ZINC_427,COc1cc(C)c(-c2ncnc3sc(C(C)C)cc23)cn1
ZINC_428,CCCOc1ccc(-c2cccc(NC)c2C)cc1
ZINC_429,CCCOc1ccc(-c2ccc3c(nnn3CC)c2C)cc1
ZINC_430,COc1cc(C)c(-c2cc(C)c3cccc(C)c3n2)cn1
ZINC_431,CCCOc1ccc(-c2ccc([C@H]3CCC(=O)N3)cc2)cc1
ZINC_432,CCCOc1ccc(-c2ccc([C@@H]3CCC(=O)N3)cc2)cc1
ZINC_433,CCCOc1ccc(-c2ccc(F)c(OC)c2OC)cc1
ZINC_434,CCCOc1ccc(-c2cncc(COCC)c2)cc1
ZINC_435,CCCOc1ccc(-c2ccc3nccn3c2C)cc1
ZINC_436,CCCOc1ccc(-c2cnc(C(C)C)nc2)cc1
ZINC_437,COCCOc1ccc(-c2cc(F)cc(C(F)F)c2)cc1
ZINC_438,CCCOc1ccc(-c2ccc(F)c(OCOC)c2)cc1
ZINC_439,COCCOc1ccc(-c2cc3cc[nH]c3cc2C)cc1
ZINC_440,COCCOc1ccc(-c2ccc3cc[nH]c3c2C)cc1
ZINC_441,COCCOc1ccc(-c2cnc3cccc(F)c3c2)cc1
ZINC_442,CCCOc1ccc(-c2ccc(F)c(F)c2OC)cc1
ZINC_443,CCCOc1ccc(-c2cccc(C(C)C(=O)OC)c2)cc1
ZINC_444,CCCOc1ccc(-c2cccc(C(C)C(=O)OC)c2)cc1
ZINC_445,CCCOc1ccc(-c2cnc3[nH]c(C)nc3c2C)cc1
ZINC_446,CCCOc1ccc(-c2ccc(OC)cc2COC)cc1
ZINC_447,CCCOc1ccc(-c2cnccc2CN(CC)CC)cc1
ZINC_448,COCCOc1ccc(-c2cccc3c(C)cncc23)cc1
ZINC_449,COCCOc1ccc(-c2ccc(C(C)(C)C)nc2)cc1
ZINC_450,COCCOc1ccc(-c2cc(F)ccc2SC)cc1
ZINC_451,COCCOc1ccc(-c2cc(C)c3ncccc3c2)cc1
ZINC_452,COCCOc1ccc(-c2cccc(C(C)(C)C)n2)cc1
ZINC_453,COCCOc1ccc(-c2cncc3cc(F)ccc23)cc1
ZINC_454,CCc1cccc(C)c1-c1ccc(OCCOC)cc1
ZINC_455,COCCOc1ccc(-c2ccnc3c(F)cccc23)cc1
ZINC_456,COCCOc1ccc(-c2ccc3occ(C)c3c2)cc1
ZINC_457,COCCOc1ccc(-c2ccc(OC3CCC3)cc2)cc1
ZINC_458,COCCOc1ccc(-c2cccc(F)c2SC)cc1
ZINC_459,CCCOc1ccc(-c2ncc(F)c3[nH]ccc23)cc1
ZINC_460,CCCOc1ccc(-c2ccc3cc(S)[nH]c3c2)cc1
ZINC_461,CCCOc1ccc(-c2c(C)cnc3[nH]ccc23)cc1
ZINC_462,CCCOc1ccc(-c2ccc(C(OC)OC)cc2)cc1
ZINC_463,CCCOc1ccc(-c2cccc3c2NC(=O)N(C)C3)cc1
ZINC_464,CCCOc1ccc(-c2ccncc2SC)cc1
ZINC_465,COCCOc1ccc(-c2cccc3sc(C)nc23)cc1
ZINC_466,COCCOc1ccc(-c2ccc(SC)c(F)c2)cc1
ZINC_467,COCCOc1ccc(-c2ccc(SC)cc2F)cc1
ZINC_468,COCCOc1ccc(-c2ccnc(C(C)(C)C)c2)cc1
ZINC_469,COCCOc1ccc(-c2c(C)cc(N(C)C)cc2C)cc1
ZINC_470,COCCOc1ccc(-c2cc(C)c3cc[nH]c3c2)cc1
ZINC_471,COCCOc1ccc(-c2ccc(C)cc2SC)cc1
ZINC_472,COCCOc1ccc(-c2ccc(C)c3[nH]ccc23)cc1
ZINC_473,COCCOc1ccc(-c2cccc(SC)c2F)cc1
ZINC_474,C=Cc1cc(F)ccc1-c1ccc(OCCOC)cc1
ZINC_475,CCCOc1ccc(-c2c(C)cc(C)nc2C)cc1
ZINC_476,CCCOc1ccc(-c2ccc3c(c2)C(=O)NC3(C)C)cc1
ZINC_477,CCCOc1ccc(-c2cncc(-c3ncco3)c2)cc1
ZINC_478,CCCOc1ccc(-c2cccc3ncn(C)c23)cc1
ZINC_479,CCCOc1ccc(-c2cnc(F)c(OCC)c2)cc1
ZINC_480,COCCOc1ccc(-c2ccnc3c(C)cccc23)cc1
ZINC_481,COCCOc1ccc(-c2ccc(SC)cc2C)cc1
ZINC_482,COCCOc1ccc(-c2ccc3ncc(F)cc3c2)cc1
ZINC_483,COCCOc1ccc(-c2cccc(CSC)c2)cc1
ZINC_484,COCCOc1ccc(-c2ccc3[nH]c(C)cc3c2)cc1
ZINC_485,COCCOc1ccc(-c2nccc3cccc(F)c23)cc1
ZINC_486,COCCOc1ccc(-c2cc(OC)c3occc3c2)cc1
ZINC_487,COCCOc1ccc(-c2c(C)cc(F)c3[nH]ccc23)cc1
ZINC_488,COCCOc1ccc(-c2cc(C)ccc2SC)cc1
ZINC_489,CCOc1cc(-c2ccc(OCCOC)cc2)ccc1C
ZINC_490,CCOc1cc(C)ccc1-c1ccc(OCCOC)cc1
ZINC_491,COCCOc1ccc(-c2cc(C)c3[nH]ccc3c2)cc1
ZINC_492,COCCOc1ccc(-c2ccc3c(c2)C(C)(C)CO3)cc1
ZINC_493,COCCOc1ccc(-c2cc3ccncc3cc2F)cc1
ZINC_494,COCCOc1ccc(-c2cc(C)cc(C)c2OC)cc1
ZINC_495,COCCOc1ccc(-c2ccc(C)c(SC)c2)cc1
ZINC_496,COCCOc1ccc(-c2ccc(F)c(SC)c2)cc1
ZINC_497,COCCOc1ccc(-c2cnc3ccc(C)cc3c2)cc1
ZINC_498,COCCOc1ccc(-c2ccnc3cc(C)ccc23)cc1
ZINC_499,C=Cc1cc(F)cc(-c2ccc(OCCOC)cc2)c1
ZINC_500,COCCOc1ccc(-c2cc(C)c(C)cc2F)cc1
ZINC_501,Cc1cccc2ccc(-c3cnn(-c4ccccc4)c3)nc12
ZINC_502,COCCOc1ccc(-c2ccc3c(c2)c(C)cn3C)cc1
ZINC_503,CCn1ccc2cc(-c3ccc(OCCOC)cc3)ccc21
ZINC_504,COCCOc1ccc(-c2ccc3cnc(C)cc3c2)cc1
ZINC_505,CCOc1ccc(C)c(-c2ccc(OCCOC)cc2)c1
ZINC_506,COCCOc1ccc(-c2ccc3cc(C)cnc3c2)cc1
ZINC_507,c1ccc(-n2cc(-c3ccc4ccccc4n3)cn2)cc1
ZINC_508,COCCOc1ccc(-c2cccc3c2cc(C)n3C)cc1
ZINC_509,COCCOc1ccc(-c2cc(F)c3occc3c2)cc1
ZINC_510,COCCOc1ccc(-c2cc(C)c(C)cc2OC)cc1
ZINC_511,COCCOc1ccc(-c2ccc(SC)c(C)c2)cc1
ZINC_512,Cc1ccc2nc(-c3cnn(-c4ccccc4)c3)ccc2c1
ZINC_513,COCCOc1ccc(-c2c(C)ncc3ccccc23)cc1
ZINC_514,COCCOc1ccc(-c2ccc3cc(N)ccc3c2)cc1
ZINC_515,COCCOc1ccc(-c2cnc(C)c3ccccc23)cc1
ZINC_516,c1ccc(-n2cc(-c3nccc4sccc34)cn2)cc1
ZINC_517,Cc1c[nH]c2ccc(-c3cnn(-c4ccccc4)c3)cc12
ZINC_518,c1ccc(-n2cc(-c3cccc(-c4ncco4)c3)cn2)cc1
ZINC_519,Cc1cncc2cccc(-c3cnn(-c4ccccc4)c3)c12
ZINC_520,COc1ccc(-c2cnn(-c3ccccc3)c2)c2[nH]ccc12
ZINC_521,CC(C)Oc1ccc(F)cc1-c1cnn(-c2ccccc2)c1
ZINC_522,FC(F)Oc1ccccc1-c1cnn(-c2ccccc2)c1
ZINC_523,FC(F)Oc1ccc(-c2cnn(-c3ccccc3)c2)cc1
ZINC_524,Fc1c(-c2cnn(-c3ccccc3)c2)ccc2[nH]ccc12
ZINC_525,CC(C)Oc1ccc(-c2cnn(-c3ccccc3)c2)cc1F
ZINC_526,c1ccc(-n2cc(-c3ccc4ncsc4c3)cn2)cc1
ZINC_527,Cc1ccc2[nH]ccc2c1-c1cnn(-c2ccccc2)c1
ZINC_528,CC(C)Oc1ccc(-c2cnn(-c3ccccc3)c2)cc1
ZINC_529,Cc1ccc2cc(-c3cnn(-c4ccccc4)c3)ccc2n1
ZINC_530,CC(C)(F)c1ccnc(-c2cnn(-c3ccccc3)c2)c1
ZINC_531,Fc1cc(-c2cnn(-c3ccccc3)c2)c(F)c(F)c1F
ZINC_532,c1ccc(-n2cc(-c3ccc(-c4ccno4)cc3)cn2)cc1
ZINC_533,c1ccc(-n2cc(-c3cccc4cnccc34)cn2)cc1
ZINC_534,c1ccc(-n2cc(-c3cccc4ncccc34)cn2)cc1
ZINC_535,c1ccc(-n2cc(-c3cccc(-c4cnco4)c3)cn2)cc1
ZINC_536,c1ccc(-n2cc(-c3ccc4ccncc4c3)cn2)cc1
ZINC_537,c1ccc(-n2cc(-c3cccc4ccoc34)cn2)cc1
ZINC_538,Fc1cc2ncccc2cc1-c1cnn(-c2ccccc2)c1
ZINC_539,Fc1cc(-c2cnn(-c3ccccc3)c2)cc2cc[nH]c12
ZINC_540,FC(F)c1cccc(-c2cnn(-c3ccccc3)c2)c1
ZINC_541,Fc1ccc(-c2cnn(-c3ccccc3)c2)c2occc12
ZINC_542,Cc1cc(-c2cnn(-c3ccccc3)c2)c(F)cc1F
ZINC_543,c1ccc(-n2cc(-c3cncc4ccccc34)cn2)cc1
ZINC_544,FC(F)c1ccccc1-c1cnn(-c2ccccc2)c1
ZINC_545,Cc1cc(F)cc(C)c1-c1cnn(-c2ccccc2)c1
ZINC_546,Fc1ccc2cc(-c3cnn(-c4ccccc4)c3)cnc2c1
ZINC_547,Fc1ccc(-c2cnn(-c3ccccc3)c2)c2[nH]ccc12
ZINC_548,c1ccc(-n2cc(-c3cccc4ccncc34)cn2)cc1
ZINC_549,FCc1ccc(-c2cnn(-c3ccccc3)c2)cc1
ZINC_550,Cc1ccc2cncc(-c3cnn(-c4ccccc4)c3)c2c1
ZINC_551,CSc1ccccc1-c1cnn(-c2ccccc2)c1
ZINC_552,c1ccc(-n2cc(-c3ccc4cccnc4c3)cn2)cc1
ZINC_553,c1ccc(-n2cc(-c3cccc(OC4CC4)c3)cn2)cc1
ZINC_554,COc1cc(C)c(-c2cnn(-c3ccccc3)c2)c(C)c1
ZINC_555,Fc1cc(-c2cnn(-c3ccccc3)c2)cc2cccnc12
ZINC_556,c1ccc(-n2cc(-c3ccccc3-c3ncco3)cn2)cc1
ZINC_557,Cc1cc(C)c(-c2cnn(-c3ccccc3)c2)c(C)c1
ZINC_558,CC(C)(C)c1ccc(-c2cnn(-c3ccccc3)c2)nc1
ZINC_559,c1ccc(-n2cc(-c3nccc4ccsc34)cn2)cc1
ZINC_560,Cc1cc2ccccc2nc1-c1cnn(-c2ccccc2)c1
ZINC_561,Cc1cc2ccccc2c(-c2cnn(-c3ccccc3)c2)n1
ZINC_562,Cc1ccc2cc(-c3cnn(-c4ccccc4)c3)ncc2c1
ZINC_563,Cc1cccc2c(-c3cnn(-c4ccccc4)c3)nccc12
ZINC_564,COc1ccc(-c2cnn(-c3ccccc3)c2)c(C)c1C
ZINC_565,c1ccc(-n2cc(-c3cccc4[nH]ccc34)cn2)cc1
ZINC_566,Fc1cc(F)c(F)c(-c2cnn(-c3ccccc3)c2)c1F
ZINC_567,c1ccc(-n2cc(-c3ccc4ncccc4c3)cn2)cc1
ZINC_568,Fc1ccc(-c2cnn(-c3ccccc3)c2)c2cc[nH]c12
ZINC_569,Cc1nc2ccc(-c3cnn(-c4ccccc4)c3)cc2s1
ZINC_570,FC(F)c1ccc(-c2cnn(-c3ccccc3)c2)cc1
ZINC_571,c1ccc(-n2cc(-c3ccc(-c4ccon4)cc3)cn2)cc1
ZINC_572,c1ccc(-n2cc(-c3ccccc3-c3cnco3)cn2)cc1
ZINC_573,Fc1cc2cc[nH]c2cc1-c1cnn(-c2ccccc2)c1
ZINC_574,Fc1cc(-c2cnn(-c3ccccc3)c2)c2[nH]ccc2c1
ZINC_575,FC(F)Oc1cccc(-c2cnn(-c3ccccc3)c2)c1
ZINC_576,Fc1cc(-c2cnn(-c3ccccc3)c2)c2cc[nH]c2c1
ZINC_577,c1ccc(-n2cc(-c3ccc(C4=NCCC4)cc3)cn2)cc1
ZINC_578,CCc1cc(OC)ccc1-c1cnn(-c2ccccc2)c1
ZINC_579,Fc1cccc2ccc(-c3cnn(-c4ccccc4)c3)nc12
ZINC_580,Fc1cccc2c(-c3cnn(-c4ccccc4)c3)nccc12
ZINC_581,Fc1ccc2nc(-c3cnn(-c4ccccc4)c3)ccc2c1
ZINC_582,CC(C)(C)c1ccnc(-c2cnn(-c3ccccc3)c2)c1
ZINC_583,c1ccc(-n2cc(-c3ccc4sccc4n3)cn2)cc1
ZINC_584,c1ccc(-n2cc(-c3cc4ccsc4cn3)cn2)cc1
ZINC_585,CC(C)(C)Oc1cccc(-c2cnn(-c3ccccc3)c2)n1
ZINC_586,c1ccc(-n2cc(-c3ccc4cc[nH]c4c3)cn2)cc1
ZINC_587,Fc1ccc2ccnc(-c3cnn(-c4ccccc4)c3)c2c1
ZINC_588,CSc1cccc(-c2cnn(-c3ccccc3)c2)c1
ZINC_589,Cc1nc2cc(-c3cnn(-c4ccccc4)c3)ccc2s1
ZINC_590,CCc1cc2c(-c3cnn(-c4ccccc4)c3)nccc2o1
ZINC_591,CC(C)c1ccc(-c2cnn(-c3ccccc3)c2)nc1
ZINC_592,CC(C)Oc1cccc(-c2cnn(-c3ccccc3)c2)c1
ZINC_593,c1ccc(-n2cc(-c3ccc4occc4c3)cn2)cc1
ZINC_594,c1ccc(-n2cc(-c3ccc(-c4cnco4)cc3)cn2)cc1
ZINC_595,c1ccc(-n2cc(-c3cccc4cc[nH]c34)cn2)cc1
ZINC_596,c1ccc(-n2cc(-c3cccc4scnc34)cn2)cc1
ZINC_597,CCc1nc2cc(-c3cnn(-c4ccccc4)c3)ccc2o1
ZINC_598,Fc1cnc(-c2cnn(-c3ccccc3)c2)c2ccccc12
ZINC_599,CSc1ccc(-c2cnn(-c3ccccc3)c2)cc1
ZINC_600,c1ccc(-n2cc(-c3ccc4cnccc4c3)cn2)cc1
ZINC_601,CCSc1ccnc(-c2cnn(-c3ccccc3)c2)c1
ZINC_602,c1ccc(-n2cc(-c3ccc4scnc4c3)cn2)cc1
ZINC_603,Fc1ccc2ccc(-c3cnn(-c4ccccc4)c3)nc2c1
ZINC_604,Cc1cnc(-c2cnn(-c3ccccc3)c2)c2ccccc12
ZINC_605,Cc1cc2c(-c3cnn(-c4ccccc4)c3)nccc2s1
ZINC_606,c1ccc(-n2cc(-c3cc4ccccc4cn3)cn2)cc1
ZINC_607,COc1cc(C)c(-c2nc3c(C)ccc(F)c3cc2C)cn1
ZINC_608,COc1cc(C)c(-c2ncccc2-c2ccccc2)cn1
ZINC_609,Fc1ccc2cc(-c3cnn(-c4ccccc4)c3)ncc2c1
ZINC_610,Cc1cccc2ccnc(-c3cnn(-c4ccccc4)c3)c12
ZINC_611,Cc1ccc2c(-c3cnn(-c4ccccc4)c3)nccc2c1
ZINC_612,c1ccc(-n2cc(-c3nccc4ccccc34)cn2)cc1
ZINC_613,Fc1ccc2cnc(-c3cnn(-c4ccccc4)c3)cc2c1
ZINC_614,CC(C)c1cccc(-c2cnn(-c3ccccc3)c2)n1
ZINC_615,COc1cc(C)c(-c2ccc3cc(C)cc(C)c3n2)cn1
ZINC_616,Cc1ccc2ccnc(-c3cnn(-c4ccccc4)c3)c2c1
ZINC_617,Fc1ccc2c(-c3cnn(-c4ccccc4)c3)nccc2c1
ZINC_618,Cc1csc2ccc(-c3cnn(-c4ccccc4)c3)nc12
ZINC_619,COc1cc(C)c(-c2cc(-c3cccs3)ccn2)cn1
ZINC_620,COc1cc(C)c(-c2cc(-c3ccc(C)cc3)ccn2)cn1
ZINC_621,CC1(C)Oc2ccc(-c3cnn(-c4ccccc4)c3)cc2O1
ZINC_622,Fc1cccc2ncc(-c3cnn(-c4ccccc4)c3)cc12
ZINC_623,Cc1nc2cccc(-c3cnn(-c4ccccc4)c3)c2s1
ZINC_624,Cc1c[nH]c2cccc(-c3cnn(-c4ccccc4)c3)c12
ZINC_625,Fc1c[nH]c2cccc(-c3cnn(-c4ccccc4)c3)c12
ZINC_626,Cc1cc2[nH]ccc2cc1-c1cnn(-c2ccccc2)c1
ZINC_627,c1ccc(-n2cc(-c3ccccc3C3CC3)cn2)cc1
ZINC_628,Fc1cccc2c(-c3cnn(-c4ccccc4)c3)cncc12
ZINC_629,Cc1c(F)ccc(-c2cnn(-c3ccccc3)c2)c1F
ZINC_630,Fc1cnc2c(-c3cnn(-c4ccccc4)c3)cccc2c1
ZINC_631,Fc1ccc(-c2cnn(-c3ccccc3)c2)c2ncccc12
ZINC_632,CCOCc1ccc(-c2cnn(-c3ccccc3)c2)cc1
ZINC_633,C=Cc1ccc(F)cc1-c1cnn(-c2ccccc2)c1
ZINC_634,COc1cc2cc[nH]c2cc1-c1cnn(-c2ccccc2)c1
ZINC_635,Fc1ccc2cccnc2c1-c1cnn(-c2ccccc2)c1
ZINC_636,c1ccc(-n2cc(-c3ccccc3OC3CC3)cn2)cc1
ZINC_637,Cc1ccc2c(-c3cnn(-c4ccccc4)c3)cccc2n1
ZINC_638,COc1ccc2[nH]ccc2c1-c1cnn(-c2ccccc2)c1
ZINC_639,Fc1cc2[nH]ccc2cc1-c1cnn(-c2ccccc2)c1
ZINC_640,c1ccc(-n2cc(-c3ccc(N4CCCC4)cc3)cn2)cc1
ZINC_641,COc1cc(C)c(-c2nc(C(C)C)cnc2C(C)C)cn1
ZINC_642,COc1cc(C)c(-c2cc(C)c3ccc(C)cc3n2)cn1
ZINC_643,Fc1ccc2ncc(-c3cnn(-c4ccccc4)c3)cc2c1
ZINC_644,Cc1ccc(-c2cnn(-c3ccccc3)c2)c2ncccc12
ZINC_645,C1=Cc2cc(-c3cnn(-c4ccccc4)c3)ccc2C1
ZINC_646,Cc1cc(-c2cnn(-c3ccccc3)c2)c2ncccc2c1
ZINC_647,C1=Cc2ccc(-c3cnn(-c4ccccc4)c3)cc2C1
ZINC_648,c1ccc(-n2cc(-c3ccc4ccoc4c3)cn2)cc1
ZINC_649,Cc1nc2c(-c3cnn(-c4ccccc4)c3)cccc2s1
ZINC_650,c1ccc(-n2cc(-c3ccccc3OC3CCC3)cn2)cc1
ZINC_651,Cc1cc(F)c2[nH]ccc2c1-c1cnn(-c2ccccc2)c1
ZINC_652,Cc1ccc(-c2cnn(-c3ccccc3)c2)c2cccnc12
ZINC_653,CC(C)Oc1ccccc1-c1cnn(-c2ccccc2)c1
ZINC_654,CCOc1cccc(F)c1-c1cnn(-c2ccccc2)c1
ZINC_655,CSc1cc(F)cc(-c2cnn(-c3ccccc3)c2)c1
ZINC_656,COc1cc(-c2cnn(-c3ccccc3)c2)cc2ccoc12
ZINC_657,CC(C)(C)c1cc(-c2cnn(-c3ccccc3)c2)ccn1
ZINC_658,CSCc1cccc(-c2cnn(-c3ccccc3)c2)c1
ZINC_659,c1ccc(-n2cc(-c3ccc(OC4CC4)cc3)cn2)cc1
ZINC_660,Cc1cc(-c2cnn(-c3ccccc3)c2)cnc1OC(C)C
ZINC_661,CSc1ccc(F)cc1-c1cnn(-c2ccccc2)c1
ZINC_662,Cc1ccc(-c2cnn(-c3ccccc3)c2)c2[nH]ccc12
ZINC_663,Cc1ccnc2ccc(-c3cnn(-c4ccccc4)c3)cc12
ZINC_664,Cc1cc(-c2cnn(-c3ccccc3)c2)cc(F)c1F
ZINC_665,COc1cc(-c2cnn(-c3ccccc3)c2)c2cc[nH]c2c1
ZINC_666,CO/C=C/c1ccc(-c2cnn(-c3ccccc3)c2)cc1
ZINC_667,Cc1c(F)ccc(-c2cnn(-c3ccccc3)c2)c1C
ZINC_668,Cc1ccc(-c2cnn(-c3ccccc3)c2)c2cc[nH]c12
ZINC_669,Fc1cc(-c2cnn(-c3ccccc3)c2)cc2[nH]ccc12
ZINC_670,Cc1ccc2cccnc2c1-c1cnn(-c2ccccc2)c1
ZINC_671,Cc1cc2ccc(-c3cnn(-c4ccccc4)c3)cc2[nH]1
ZINC_672,COc1cc(C)c(-c2ncnc3ccc(C(C)C)cc23)cn1
ZINC_673,Cc1cc(-c2cnn(-c3ccccc3)c2)c2cccnc2c1
ZINC_674,Fc1ccc2c(-c3cnn(-c4ccccc4)c3)cncc2c1
ZINC_675,CC(C)(C)c1cccc(-c2cnn(-c3ccccc3)c2)n1
ZINC_676,Cc1cnc(OC(C)C)c(-c2cnn(-c3ccccc3)c2)c1
ZINC_677,c1ccc(-n2cc(-c3ccc4nscc4c3)cn2)cc1
ZINC_678,c1ccc(-n2cc(-c3cccc(N4CCCC4)c3)cn2)cc1
ZINC_679,Cc1c(-c2cnn(-c3ccccc3)c2)ccc2cc[nH]c12
ZINC_680,Cc1cc(F)c(F)cc1-c1cnn(-c2ccccc2)c1
ZINC_681,Cc1nc(OC(C)C)ccc1-c1cnn(-c2ccccc2)c1
ZINC_682,c1ccc(-n2cc(-c3cccc(OC4CCC4)c3)cn2)cc1
ZINC_683,COc1cc(-c2cnn(-c3ccccc3)c2)cc2[nH]ccc12
ZINC_684,Cc1cc2c(-c3cnn(-c4ccccc4)c3)cccc2[nH]1
ZINC_685,Fc1ccc(-c2cnn(-c3ccccc3)c2)c2ccncc12
ZINC_686,CC(C)(C)c1ccc(-c2cnn(-c3ccccc3)c2)cn1
ZINC_687,Fc1cccc2cc(-c3cnn(-c4ccccc4)c3)cnc12
ZINC_688,Fc1ccc(-c2cnn(-c3ccccc3)c2)c2cccnc12
ZINC_689,Cc1c(F)c(F)cc(-c2cnn(-c3ccccc3)c2)c1F
ZINC_690,Cc1c(F)cc(-c2cnn(-c3ccccc3)c2)cc1F
ZINC_691,Cc1ccc2cnccc2c1-c1cnn(-c2ccccc2)c1
ZINC_692,Cc1ccc2ccc(-c3cnn(-c4ccccc4)c3)cc2n1
ZINC_693,Cc1ccc2nccc(-c3cnn(-c4ccccc4)c3)c2c1
ZINC_694,Cc1c(-c2cnn(-c3ccccc3)c2)ccc2cccnc12
ZINC_695,CCOc1cc(-c2cnn(-c3ccccc3)c2)ccc1F
ZINC_696,Cc1cccc2c(-c3cnn(-c4ccccc4)c3)ccnc12
ZINC_697,Fc1cc(-c2cnn(-c3ccccc3)c2)c2ncccc2c1
ZINC_698,CC(C)c1ccc(-c2cnn(-c3ccccc3)c2)cn1
ZINC_699,Cc1cc(-c2cnn(-c3ccccc3)c2)cc2cccnc12
ZINC_700,Cc1cc2ncccc2cc1-c1cnn(-c2ccccc2)c1
ZINC_701,CCOc1cc(F)cc(-c2cnn(-c3ccccc3)c2)c1
ZINC_702,Cc1cc(N(C)C)cc(C)c1-c1cnn(-c2ccccc2)c1
ZINC_703,Fc1cc2ccncc2cc1-c1cnn(-c2ccccc2)c1
ZINC_704,c1ccc(-n2cc(-c3ccc4csnc4c3)cn2)cc1
ZINC_705,C1=Cc2cccc(-c3cnn(-c4ccccc4)c3)c2C1
ZINC_706,Fc1cccc2c(-c3cnn(-c4ccccc4)c3)ccnc12
ZINC_707,c1ccc(-n2cc(-c3cccc4ncsc34)cn2)cc1
ZINC_708,Fc1cnc2cc(-c3cnn(-c4ccccc4)c3)ccc2c1
ZINC_709,c1ccc(-n2cc(-c3ccc4cnsc4c3)cn2)cc1
ZINC_710,c1ccc(-n2cc(-c3cccc4occc34)cn2)cc1
ZINC_711,Cc1cc(-c2cnn(-c3ccccc3)c2)c2cc[nH]c2c1
ZINC_712,COc1cc(C)c(-c2cc(C3CCCCC3)nc(C)n2)cn1
ZINC_713,COc1cc(C)c(-c2cc(C(C)C)nc(C(C)(C)C)n2)cn1
ZINC_714,COc1cc(C)c(-c2cc(C(C)(C)C)nc(C(C)C)n2)cn1
ZINC_715,Cc1c[nH]c2cc(-c3cnn(-c4ccccc4)c3)ccc12
ZINC_716,COc1cc(C)c(-c2cc(C(C)C)nc(C(C)C)n2)cn1
ZINC_717,Fc1ccc2nccc(-c3cnn(-c4ccccc4)c3)c2c1
ZINC_718,Cc1c[nH]c2c(-c3cnn(-c4ccccc4)c3)cccc12
ZINC_719,CC(C)(C)Oc1ccc(-c2cnn(-c3ccccc3)c2)nc1
ZINC_720,Fc1cnc2ccc(-c3cnn(-c4ccccc4)c3)cc2c1
ZINC_721,c1ccc(-n2cc(-c3ccc(-c4ncco4)cc3)cn2)cc1
ZINC_722,Cc1cc(F)c(-c2cnn(-c3ccccc3)c2)cc1F
ZINC_723,Cc1cc(-c2cnn(-c3ccccc3)c2)c2ccccc2n1
ZINC_724,Cc1ccnc2cc(-c3cnn(-c4ccccc4)c3)ccc12
ZINC_725,Cc1cncc2c(-c3cnn(-c4ccccc4)c3)cccc12
ZINC_726,Cc1c(-c2cnn(-c3ccccc3)c2)ccc(F)c1F
ZINC_727,COc1ccc(-c2cnn(-c3ccccc3)c2)c2cc[nH]c12
ZINC_728,Fc1cccc2ccnc(-c3cnn(-c4ccccc4)c3)c12
ZINC_729,Cn1ccc2cc(-c3cnn(-c4ccccc4)c3)ccc21
ZINC_730,CSc1ccc(-c2cnn(-c3ccccc3)c2)c(F)c1
ZINC_731,Cc1cc2cc[nH]c2cc1-c1cnn(-c2ccccc2)c1
ZINC_732,CCOc1ccc(-c2cnn(-c3ccccc3)c2)c(C)c1
ZINC_733,Cc1cc2cc(-c3cnn(-c4ccccc4)c3)ccc2[nH]1
ZINC_734,c1ccc(-n2cc(-c3ccc(OC4CCC4)cc3)cn2)cc1
ZINC_735,Cc1[nH]c2ncc(-c3cnn(-c4ccccc4)c3)cc2c1C
ZINC_736,CC(C)Oc1cc(F)ccc1-c1cnn(-c2ccccc2)c1
ZINC_737,CSc1ccc(-c2cnn(-c3ccccc3)c2)cc1F
ZINC_738,Sc1cc(S)cc(-c2cnn(-c3ccccc3)c2)c1
ZINC_739,CC(C)Sc1ccc(-c2cnn(-c3ccccc3)c2)cn1
ZINC_740,CCOc1ccc(C)c(-c2cnn(-c3ccccc3)c2)c1
ZINC_741,Cc1ccc2c(-c3cnn(-c4ccccc4)c3)ccnc2c1
ZINC_742,COc1cc(C)c(C)cc1-c1cnn(-c2ccccc2)c1
ZINC_743,c1ccc(-n2cc(-c3cnc4sccc4c3)cn2)cc1
ZINC_744,C=Cc1cc(F)cc(-c2cnn(-c3ccccc3)c2)c1
ZINC_745,Cc1cc2cc(-c3cnn(-c4ccccc4)c3)ccc2cn1
ZINC_746,COCc1cc(C)c(-c2cnn(-c3ccccc3)c2)c(C)c1
ZINC_747,Fc1cc(-c2cnn(-c3ccccc3)c2)cc2ccoc12
ZINC_748,Cc1cnc2cc(-c3cnn(-c4ccccc4)c3)ccc2c1
ZINC_749,CCOc1ccc(F)cc1-c1cnn(-c2ccccc2)c1
ZINC_750,CSc1cccc(-c2cnn(-c3ccccc3)c2)c1F
ZINC_751,Cc1ncc(-c2cnn(-c3ccccc3)c2)c2ccccc12
ZINC_752,Nc1ccc2cc(-c3cnn(-c4ccccc4)c3)ccc2c1
ZINC_753,CC(C)(C)Oc1ccnc(-c2cnn(-c3ccccc3)c2)c1
ZINC_754,Cc1ncc2ccccc2c1-c1cnn(-c2ccccc2)c1
ZINC_755,CCOc1ccc(C)cc1-c1cnn(-c2ccccc2)c1
ZINC_756,Cc1cc(-c2cnn(-c3ccccc3)c2)cc2cc[nH]c12
ZINC_757,Cc1c(-c2cnn(-c3ccccc3)c2)cncc1C1CC1
ZINC_758,CCCOc1ccc(F)cc1-c1cnn(-c2ccccc2)c1
ZINC_759,CCOc1cc(F)ccc1-c1cnn(-c2ccccc2)c1
ZINC_760,CC(C)Oc1c(F)cccc1-c1cnn(-c2ccccc2)c1
ZINC_761,CC(C)Oc1cccc(-c2cnn(-c3ccccc3)c2)c1F
ZINC_762,C=Cc1cc(F)ccc1-c1cnn(-c2ccccc2)c1
ZINC_763,CSc1c(F)cccc1-c1cnn(-c2ccccc2)c1
ZINC_764,COc1ccc(-c2cnn(-c3ccccc3)c2)cc1SC
ZINC_765,CCOc1c(F)cccc1-c1cnn(-c2ccccc2)c1
ZINC_766,Cc1cc(OC(C)C)ncc1-c1cnn(-c2ccccc2)c1
ZINC_767,CC(C)Oc1cc(-c2cnn(-c3ccccc3)c2)ccc1F
ZINC_768,Cc1cc(-c2cnn(-c3ccccc3)c2)cc2[nH]ccc12
ZINC_769,CCOc1ccc(-c2cnn(-c3ccccc3)c2)cc1F
ZINC_770,CCOc1cc(C)ccc1-c1cnn(-c2ccccc2)c1
ZINC_771,Fc1cc2cnccc2cc1-c1cnn(-c2ccccc2)c1
ZINC_772,COc1c(C)cc(C)cc1-c1cnn(-c2ccccc2)c1
ZINC_773,CCCOc1cc(F)ccc1-c1cnn(-c2ccccc2)c1
ZINC_774,c1ccc(-n2cc(-c3cccc(C4=NCCC4)c3)cn2)cc1
ZINC_775,CSc1cc(-c2cnn(-c3ccccc3)c2)ccc1F
ZINC_776,C=COc1ccc(-c2cnn(-c3ccccc3)c2)cc1
ZINC_777,CCOc1ccc(-c2cnn(-c3ccccc3)c2)c(F)c1
ZINC_778,Cc1c(F)ccc(F)c1-c1cnn(-c2ccccc2)c1
ZINC_779,Cc1ccc2ncc(-c3cnn(-c4ccccc4)c3)cc2c1
ZINC_780,COc1cc(C)c(-c2ccc(CC(F)(F)F)cc2)cn1
ZINC_781,COc1cc(C)c(-c2cc(OC(C)C)ccc2C)cn1
ZINC_782,COc1cc(C)c(-c2ccnc(Oc3ccccc3)c2)cn1
ZINC_783,COc1cc(C)c(-c2cccnc2Oc2ccccc2)cn1
ZINC_784,COc1cc(C)c(-c2cc(-c3ccccc3)cnc2F)cn1
ZINC_785,COc1cc(C)c(-c2cc(F)c(OC(C)C)c(F)c2)cn1
ZINC_786,COc1cc(C)c(-c2cccc3c(OC)cccc23)cn1
ZINC_787,CCCOc1c(F)cc(-c2cnc(OC)cc2C)cc1F
ZINC_788,CCCn1nc(C)cc1-c1nc(C)cc2ccccc12
ZINC_789,CCCn1nc(C)cc1-c1ccc2cc(F)cc(F)c2n1
ZINC_790,CCCn1nc(C)cc1-c1nc(C)cc(-c2ccccc2)n1
ZINC_791,CCCn1nc(C)cc1-c1cc(C)c2ccc(OC)cc2n1
ZINC_792,CCCn1nc(C)cc1-c1ccc2cc(C)ccc2n1
ZINC_793,CCCn1nc(C)cc1-c1ccc2cccc(C)c2n1
ZINC_794,COc1cc(C)c(-c2c(C)c(C)cc(C)c2C)cn1
ZINC_795,COc1cc(C)c(-c2c(F)cccc2C(F)(F)F)cn1
ZINC_796,CCCn1nc(C)cc1-c1cc(-c2ccccc2)nc(C)n1
ZINC_797,COc1cc(C)c(-c2cnc3[nH]cc(C(C)C)c3c2)cn1
ZINC_798,CCCn1nc(C)cc1-c1cc(C)c2cccc(C)c2n1
ZINC_799,COc1cc(C)c(-c2ccc3ccccc3c2OC)cn1
ZINC_800,COc1cc(C)c(-c2ccc(C(F)(F)F)c(C)c2)cn1
ZINC_801,COc1cc(C)c(-c2cncc(-c3ccccc3)c2)cn1
ZINC_802,COc1cc(C)c(-c2ccc(C(F)(F)F)c(F)c2)cn1
ZINC_803,COc1cc(C)c(-c2ccccc2CN2CCCCC2)cn1
ZINC_804,COc1cc(C)c(-c2cc(C(F)(F)F)ccc2C)cn1
ZINC_805,COc1ccc(-c2cnc(OC)cc2C)c(C(F)(F)F)c1
ZINC_806,CCCn1nc(C)cc1-c1nc2ccc(OC)cc2cc1C
ZINC_807,CCCn1nc(C)cc1-c1ccc2scc(C)c2n1
ZINC_808,CCCn1nc(C)cc1-c1nccc2c(C)cccc12
ZINC_809,COc1cc(C)c(-c2ccc(C)cc2C(F)(F)F)cn1
ZINC_810,CCCn1nc(C)cc1-c1ncc(C)c2ccccc12
ZINC_811,COc1cc(C)c(-c2cccc(F)c2C(F)(F)F)cn1
ZINC_812,CCCn1nc(C)cc1-c1ncccc1-c1ccccc1
ZINC_813,CCCn1nc(C)cc1-c1cc(C)c2cc(OC)ccc2n1
ZINC_814,CCCn1nc(C)cc1-c1ccc(-c2ccccc2)cn1
ZINC_815,CCSc1ccc(-c2cnc(OC)cc2C)cc1
ZINC_816,COc1cc(C)c(-c2ccc(C(C)(F)F)cc2)cn1
ZINC_817,CCCn1nc(C)cc1-c1cc(C)c2ccccc2n1
ZINC_818,CCCn1nc(C)cc1-c1cc(C)nc(-c2ccccc2)n1
ZINC_819,CCCn1nc(C)cc1-c1nccc2ccc(C)cc12
ZINC_820,CCCn1nc(C)cc1-c1cc(-c2cccs2)ccn1
ZINC_821,COc1cc(C)c(-c2cncc(-c3ccc(F)cc3)c2)cn1
ZINC_822,COc1cc(C)c(-c2cccc3c2CC(C)=C3)cn1
ZINC_823,COc1cc(-c2cnc(OC)cc2C)cc(C(F)(F)F)c1
ZINC_824,CCCCOc1cc(F)ccc1-c1cnc(OC)cc1C
ZINC_825,COc1cc(C)c(-c2ccc3cc(F)ccc3c2)cn1
ZINC_826,CCCn1nc(C)cc1-c1cc(-c2ccccc2)ccn1
ZINC_827,COc1cc(C)c(-c2ccc3sccc3c2)cn1
ZINC_828,COc1cc(C)c(-c2cc(C)ccc2C(F)(F)F)cn1
ZINC_829,COc1cc(C)c(-c2ccc(C)c(C(F)(F)F)c2)cn1
ZINC_830,CCCn1nc(C)cc1-c1nc2ccccc2cc1C
ZINC_831,CCCn1nc(C)cc1-c1nccc2cc(C)ccc12
ZINC_832,COc1cc(C)c(-c2ccc3ccsc3c2)cn1
ZINC_833,CCCn1nc(C)cc1-c1nccc2sc(C)cc12
ZINC_834,CCCn1nc(C)cc1-c1cc2ccc(C)cc2cn1
ZINC_835,COc1cc(C)c(-c2cccc(C(F)(F)F)c2C)cn1
ZINC_836,COc1cc(C)c(-c2cccc(C)c2C(F)(F)F)cn1
ZINC_837,COc1cc(C)c(-c2cc(C)cc(C(F)(F)F)c2)cn1
ZINC_838,COc1cc(C)c(-c2ccc(OC(F)(F)F)cc2C)cn1
ZINC_839,COc1cc(C)c(-c2ccc(C(F)(F)F)cc2OC)cn1
ZINC_840,CCCn1nc(C)cc1-c1ccc(-c2cccc(C)c2)nn1
ZINC_841,CCCn1nc(C)cc1-c1ncnc2ccc(C(C)C)cc12
ZINC_842,CCCn1nc(C)cc1-c1ccc2[nH]c(C3CC3)cc2n1
ZINC_843,CCCn1nc(C)cc1-c1nc(C(C)C)cnc1C(C)C
ZINC_844,CCCn1nc(C)cc1-c1cc(C2CCCCC2)nc(C)n1
ZINC_845,CCCn1nc(C)cc1-c1cc(C)c2ccc(C)cc2n1
ZINC_846,CCCn1nc(C)cc1-c1ccc(-c2ccccc2C)nn1
ZINC_847,CCCn1nc(C)cc1-c1ccc(-c2ccc(C)cc2)nn1
ZINC_848,CCCn1nc(C)cc1-c1cccnc1Oc1ccccc1
ZINC_849,CCCn1nc(C)cc1-c1c(F)cccc1C(F)(F)F
ZINC_850,CCCn1nc(C)cc1-c1cc(F)c(OC(C)C)c(F)c1
ZINC_851,CCCn1nc(C)cc1-c1cccc(C(F)(F)F)c1F
ZINC_852,CCCn1nc(C)cc1-c1ccc2cc(C)cc(C)c2n1
ZINC_853,CCCn1nc(C)cc1-c1ccc(F)cc1C(F)(F)F
ZINC_854,CCCn1nc(C)cc1-c1ccc2nc(C)sc2c1
ZINC_855,CCCn1nc(C)cc1-c1cc(-c2ccccc2)cnc1F
ZINC_856,CCCn1nc(C)cc1-c1ccc(OC)cc1C(F)(F)F
ZINC_857,CCCn1nc(C)cc1-c1cccc2ccsc12
ZINC_858,CCCn1nc(C)cc1-c1cnc2[nH]cc(C(C)C)c2c1
ZINC_859,CCCn1nc(C)cc1-c1cccc(OC(C)C)c1
ZINC_860,CCCn1nc(C)cc1-c1ccnc(Oc2ccccc2)c1
ZINC_861,CCCn1nc(C)cc1-c1ccc(OC)c(C(F)(F)F)c1
ZINC_862,CCCn1nc(C)cc1-c1ccc2cc(OC)ccc2c1
ZINC_863,CCCn1nc(C)cc1-c1ccc(CC(F)(F)F)cc1
ZINC_864,CCCn1nc(C)cc1-c1cccc(OC(F)(F)F)c1
ZINC_865,CCCn1nc(C)cc1-c1ccc(C(F)(F)F)cc1F
ZINC_866,CCCn1nc(C)cc1-c1ccc2ccccc2c1
ZINC_867,CCCn1nc(C)cc1-c1ccc(CN2CCCCC2)cc1
ZINC_868,CCCn1nc(C)cc1-c1cccc(-n2cccc2)c1
ZINC_869,CCCn1nc(C)cc1-c1ccc(C(C)(F)F)cc1
ZINC_870,CCCn1nc(C)cc1-c1ccccc1OC(F)(F)F
ZINC_871,CCCn1nc(C)cc1-c1cc(F)ccc1C(F)(F)F
ZINC_872,CCCn1nc(C)cc1-c1cc(C(F)(F)F)ccc1F
ZINC_873,CCCn1nc(C)cc1-c1cc(OC(C)C)ccc1C
ZINC_874,CCCn1nc(C)cc1-c1ccccc1C(F)F
ZINC_875,CCCn1nc(C)cc1-c1ccc(C(F)F)cc1
ZINC_876,CCCn1nc(C)cc1-c1c(C)ccc2[nH]ccc12
ZINC_877,CCCn1nc(C)cc1-c1cccc(C(F)(F)F)c1
ZINC_878,CCCn1nc(C)cc1-c1cc(F)cc(C(F)(F)F)c1
ZINC_879,CCCn1nc(C)cc1-c1ccc(OC(C)(C)C)cc1
ZINC_880,CCCn1nc(C)cc1-c1ccc(OC(C)C)cc1
ZINC_881,CCCn1nc(C)cc1-c1cccc(F)c1C(F)(F)F
ZINC_882,CCCn1nc(C)cc1-c1cccc2c(OC)cccc12
ZINC_883,CCCn1nc(C)cc1-c1ccc(C2=CCOCC2)cc1
ZINC_884,CCCn1nc(C)cc1-c1ccc(C(F)(F)F)c(F)c1
ZINC_885,CCCn1nc(C)cc1-c1ccc(F)c(C(F)(F)F)c1
ZINC_886,CCCn1nc(C)cc1-c1ccc2[nH]cc(C)c2c1
ZINC_887,CCCn1nc(C)cc1-c1ccc(OC(F)(F)F)cc1
ZINC_888,CCCOc1c(F)cc(-c2cc(C)nn2CCC)cc1F
ZINC_889,CCCn1nc(C)cc1-c1ccc(-c2ccccn2)cc1
ZINC_890,CCCn1nc(C)cc1-c1ccc(SCC)cc1
ZINC_891,CCCn1nc(C)cc1-c1ccccc1CN1CCCCC1
ZINC_892,CCCn1nc(C)cc1-c1cc(C)nc2ccccc12
ZINC_893,CCCn1nc(C)cc1-c1ccc(OC(C)C)c(F)c1
ZINC_894,CCCn1nc(C)cc1-c1ccc(-c2cccnc2)cc1
ZINC_895,CCCn1nc(C)cc1-c1c(C)ccc2cccnc12
ZINC_896,CCCn1nc(C)cc1-c1ccc(Oc2ccccc2)nc1
ZINC_897,CCCn1nc(C)cc1-c1ccc2cc(C)[nH]c2c1
ZINC_898,CCCn1nc(C)cc1-c1cccc(N2CCCC[C@@H]2C)n1
ZINC_899,CCCn1nc(C)cc1-c1cccc(N2CCCC[C@H]2C)n1
ZINC_900,CCCn1nc(C)cc1-c1ccc(OC)c2ccccc12
ZINC_901,CCCn1nc(C)cc1-c1ccc(F)c(OC(F)F)c1
ZINC_902,CCCn1nc(C)cc1-c1ccnc(-c2ccccc2)c1
ZINC_903,CCCn1nc(C)cc1-c1ccc(OC(F)(F)F)cc1C
ZINC_904,CCCn1nc(C)cc1-c1c(F)cc2ncccc2c1F
ZINC_905,CCCn1nc(C)cc1-c1ccc(-c2ccc(C)s2)nn1
ZINC_906,CCCn1nc(C)cc1-c1nc(C(C)CC)nc2[nH]ccc12
ZINC_907,CCCn1nc(C)cc1-c1nc(C(C)CC)nc2[nH]ccc12
ZINC_908,CCCn1nc(C)cc1-c1ccc2sc(C)nc2c1
ZINC_909,CCCn1nc(C)cc1-c1ccc(SC)c(F)c1
ZINC_910,CCCn1nc(C)cc1-c1ccc2[nH]c(C)c(C)c2c1
ZINC_911,CCCn1nc(C)cc1-c1cc(C)ccc1OC(F)(F)F
ZINC_912,CCCn1nc(C)cc1-c1ccnc2ccc(C)cc12
ZINC_913,CCCn1nc(C)cc1-c1cc(C(F)(F)F)ccc1OC
ZINC_914,CCCn1nc(C)cc1-c1c(F)cccc1OC(F)F
ZINC_915,CCCn1nc(C)cc1-c1cccc2cncc(C)c12
ZINC_916,CCCn1nc(C)cc1-c1cc(C(C)C)nc(C(C)C)n1
ZINC_917,CCCn1nc(C)cc1-c1cc(C)cc2cccnc12
ZINC_918,CCCOc1ccc(-c2cc(C)nn2CCC)cc1
ZINC_919,CCCn1nc(C)cc1-c1cccc(CSC)c1
ZINC_920,CCCn1nc(C)cc1-c1ccncc1-c1ccccc1
ZINC_921,CCCn1nc(C)cc1-c1cccc2sc(C)nc12
ZINC_922,CCCn1nc(C)cc1-c1cccc2c(C)c[nH]c12
ZINC_923,CCCn1nc(C)cc1-c1ccc2nccc(C)c2c1
ZINC_924,CCCn1nc(C)cc1-c1ccc2ccccc2c1OC
ZINC_925,CCCn1nc(C)cc1-c1ccc(OC(F)F)cc1F
ZINC_926,CCCn1nc(C)cc1-c1cccc(N2CCCCC2)c1
ZINC_927,CCCn1nc(C)cc1-c1cc2[nH]ccc2cc1C
ZINC_928,CCCn1nc(C)cc1-c1cc(F)ccc1OC(C)C
ZINC_929,CCCn1nc(C)cc1-c1cccc(-c2ccccc2)n1
ZINC_930,CCCn1nc(C)cc1-c1ccc(-c2ccccc2)nc1
ZINC_931,CCCn1nc(C)cc1-c1ccc(OC(F)F)c(F)c1
ZINC_932,CCCn1nc(C)cc1-c1ccc(F)c2ccoc12
ZINC_933,CCCn1nc(C)cc1-c1cncc(-c2ccccc2)c1
ZINC_934,CCCn1nc(C)cc1-c1cccc2c1CC(C)=C2
ZINC_935,CCCn1nc(C)cc1-c1ccc2[nH]c(=S)sc2c1
ZINC_936,CCCn1nc(C)cc1-c1cc(C)nc(-c2ccsc2)n1
ZINC_937,CCCn1nc(C)cc1-c1ccc2[nH]c(C)cc2c1
ZINC_938,CCCn1nc(C)cc1-c1cc(C)nc2c(OC)cccc12
ZINC_939,CCCn1nc(C)cc1-c1ccnc2[nH]c(C3CC3)cc12
ZINC_940,CCCn1nc(C)cc1-c1ccc2ccc(C)nc2c1
ZINC_941,CCCn1nc(C)cc1-c1cccc(OC2CCC2)c1
ZINC_942,CCCn1nc(C)cc1-c1cc2cccnc2cc1C
ZINC_943,CCCn1nc(C)cc1-c1ccccc1OC1CCC1
ZINC_944,CCCn1nc(C)cc1-c1ccc(C)c2cccnc12
ZINC_945,CCCn1nc(C)cc1-c1c(OC)cccc1C(F)(F)F
ZINC_946,CCCn1nc(C)cc1-c1cc(C)cc2ncccc12
ZINC_947,CCCn1nc(C)cc1-c1cccnc1-c1ccccc1
ZINC_948,CCCn1nc(C)cc1-c1ccc2cccnc2c1C
ZINC_949,CCCn1nc(C)cc1-c1cncc(-c2ccc(F)cc2)c1
ZINC_950,CCCn1nc(C)cc1-c1ccccc1C(C)(F)F
ZINC_951,CCCn1nc(C)cc1-c1cc(OC)cc(C(F)(F)F)c1
ZINC_952,CCCn1nc(C)cc1-c1cccc(CN2CCCCC2)c1
ZINC_953,CCCn1nc(C)cc1-c1ccc(F)cc1OC(F)F
ZINC_954,CCCn1nc(C)cc1-c1cc2cc[nH]c2cc1C
ZINC_955,CCCn1nc(C)cc1-c1c(C)ccc2cnccc12
ZINC_956,CCCn1nc(C)cc1-c1cccc2[nH]cc(C)c12
ZINC_957,CCCOc1ccc(-c2cc(C)nn2CCC)cc1F
ZINC_958,CCCn1nc(C)cc1-c1cccc(C(F)F)c1
ZINC_959,CCCn1nc(C)cc1-c1c(OC)ccc2ccccc12
ZINC_960,CCCn1nc(C)cc1-c1ccccc1-c1ccccn1
ZINC_961,CCCn1nc(C)cc1-c1c(C)cc(C)c(F)c1C
ZINC_962,CCCn1nc(C)cc1-c1cccc(-c2ccccn2)c1
ZINC_963,CCCn1nc(C)cc1-c1nccc2c3c([nH]c12)CCCC3
ZINC_964,CCCn1nc(C)cc1-c1cc(C)nc(-c2cccs2)n1
ZINC_965,CCCn1nc(C)cc1-c1ccc2sc(=S)[nH]c2c1
ZINC_966,CCCn1nc(C)cc1-c1ccc2sccc2c1
ZINC_967,CCCn1nc(C)cc1-c1cc(F)cc(N2CCCC2)c1
ZINC_968,CCCn1nc(C)cc1-c1ccc2ccsc2c1
ZINC_969,CCCn1nc(C)cc1-c1ccc2oc(C3CC3)nc2c1
ZINC_970,CCCn1nc(C)cc1-c1ccc(N(CC)CC)cc1
ZINC_971,CCCn1nc(C)cc1-c1cncc2ccc(C)cc12
ZINC_972,CCCn1nc(C)cc1-c1ccc(C(F)(F)F)cc1OC
ZINC_973,CCCn1nc(C)cc1-c1ccccc1OC(C)C
ZINC_974,CCCn1nc(C)cc1-c1cccc2sccc12
ZINC_975,CCCn1nc(C)cc1-c1ccc(OCC(F)(F)F)cc1
ZINC_976,CCCn1nc(C)cc1-c1c(C)cc(F)c2[nH]ccc12
ZINC_977,CCCn1nc(C)cc1-c1ccc(OC2CCC2)cc1
ZINC_978,CCCn1nc(C)cc1-c1ccc(C)c2c(C)ccnc12
ZINC_979,CCCn1nc(C)cc1-c1ccc(-c2ccnc(C)n2)cc1
ZINC_980,CCCn1nc(C)cc1-c1cccc2nc(C)ccc12
ZINC_981,CCCn1nc(C)cc1-c1ccc2nc(C)ccc2c1
ZINC_982,CCCn1nc(C)cc1-c1ccc(C(F)(F)F)cc1
ZINC_983,CCCn1nc(C)cc1-c1nccc2cccc(C)c12
ZINC_984,CCCn1nc(C)cc1-c1ccc(C)c2cc[nH]c12
ZINC_985,CCCn1nc(C)cc1-c1ccc2c(C)ccnc2c1
ZINC_986,CCCn1nc(C)cc1-c1ccc(OC)c2nc(C)ccc12
ZINC_987,CCCn1nc(C)cc1-c1ccc(-c2ccncc2)cc1
ZINC_988,CCCn1nc(C)cc1-c1cccc2[nH]c(C)cc12
ZINC_989,CCCn1nc(C)cc1-c1ccc(OC(C)C)cc1F
ZINC_990,CCCn1nc(C)cc1-c1ccc(C)c2ncccc12
ZINC_991,CCCn1nc(C)cc1-c1cc(C)cc2[nH]ccc12
ZINC_992,CCCn1nc(C)cc1-c1ccc2c(C)c[nH]c2c1
ZINC_993,CCCn1nc(C)cc1-c1ccc(SC)cc1F
ZINC_994,CCCn1nc(C)cc1-c1ccc(C(F)(F)F)c(OC)c1
ZINC_995,CCCn1nc(C)cc1-c1ccc2c(c1)[nH]c1ccncc12
ZINC_996,CCCOc1ccc(F)cc1-c1cc(C)nn1CCC
ZINC_997,CCCCOc1ccccc1-c1cc(C)nn1CCC
ZINC_998,CCCn1nc(C)cc1-c1cc(C)c2nc(C)ccc2c1
ZINC_999,CCCn1nc(C)cc1-c1cc(F)cc(C(F)F)c1
