ZINC_ID,AChE_Probability,Model,Source_Dataset
ZINC_234,0.707773932,Random Forest,ChEMBL
ZINC_221,0.585769661,Random Forest,ChEMBL
ZINC_108,0.548439026,Random Forest,ChEMBL
ZINC_87,0.534867779,Random Forest,ChEMBL
ZINC_735,0.488666735,Random Forest,ChEMBL
ZINC_867,0.470076836,Random Forest,ChEMBL
ZINC_324,0.460409903,Random Forest,ChEMBL
ZINC_104,0.444036777,Random Forest,ChEMBL
ZINC_422,0.437550715,Random Forest,ChEMBL
ZINC_243,0.427252645,Random Forest,ChEMBL
ZINC_290,0.425032475,Random Forest,ChEMBL
ZINC_136,0.421721915,Random Forest,ChEMBL
ZINC_504,0.407080365,Random Forest,ChEMBL
ZINC_85,0.400626283,Random Forest,ChEMBL
ZINC_60,0.398388649,Random Forest,ChEMBL
ZINC_687,0.390020799,Random Forest,ChEMBL
ZINC_546,0.377833201,Random Forest,ChEMBL
ZINC_427,0.376259394,Random Forest,ChEMBL
ZINC_745,0.37594611,Random Forest,ChEMBL
ZINC_355,0.373430561,Random Forest,ChEMBL
ZINC_413,0.366630506,Random Forest,ChEMBL
ZINC_268,0.364875586,Random Forest,ChEMBL
ZINC_56,0.364637167,Random Forest,ChEMBL
ZINC_311,0.363688352,Random Forest,ChEMBL
ZINC_660,0.363104245,Random Forest,ChEMBL
ZINC_114,0.35581137,Random Forest,ChEMBL
ZINC_274,0.354290158,Random Forest,ChEMBL
ZINC_361,0.352614877,Random Forest,ChEMBL
ZINC_497,0.348227742,Random Forest,ChEMBL
ZINC_367,0.347755286,Random Forest,ChEMBL
ZINC_411,0.340944918,Random Forest,ChEMBL
ZINC_130,0.339328519,Random Forest,ChEMBL
ZINC_196,0.333240709,Random Forest,ChEMBL
ZINC_217,0.332578921,Random Forest,ChEMBL
ZINC_952,0.330303226,Random Forest,ChEMBL
ZINC_635,0.324655886,Random Forest,ChEMBL
ZINC_412,0.323446965,Random Forest,ChEMBL
ZINC_451,0.323047234,Random Forest,ChEMBL
ZINC_417,0.32263823,Random Forest,ChEMBL
ZINC_331,0.319928148,Random Forest,ChEMBL
ZINC_949,0.317320449,Random Forest,ChEMBL
ZINC_8,0.316921893,Random Forest,ChEMBL
ZINC_288,0.316436355,Random Forest,ChEMBL
ZINC_395,0.314978759,Random Forest,ChEMBL
ZINC_803,0.314827045,Random Forest,ChEMBL
ZINC_317,0.312581489,Random Forest,ChEMBL
ZINC_743,0.312033793,Random Forest,ChEMBL
ZINC_335,0.311209219,Random Forest,ChEMBL
ZINC_161,0.307555603,Random Forest,ChEMBL
ZINC_821,0.305383361,Random Forest,ChEMBL
ZINC_891,0.304809675,Random Forest,ChEMBL
ZINC_52,0.304024921,Random Forest,ChEMBL
ZINC_779,0.30275494,Random Forest,ChEMBL
ZINC_419,0.30216423,Random Forest,ChEMBL
ZINC_186,0.301841611,Random Forest,ChEMBL
ZINC_111,0.299955194,Random Forest,ChEMBL
ZINC_351,0.299098303,Random Forest,ChEMBL
ZINC_103,0.298143395,Random Forest,ChEMBL
ZINC_262,0.296613351,Random Forest,ChEMBL
ZINC_895,0.295563025,Random Forest,ChEMBL
ZINC_126,0.295182601,Random Forest,ChEMBL
ZINC_642,0.295174169,Random Forest,ChEMBL
ZINC_694,0.294842889,Random Forest,ChEMBL
ZINC_166,0.294473201,Random Forest,ChEMBL
ZINC_643,0.293295111,Random Forest,ChEMBL
ZINC_402,0.291741513,Random Forest,ChEMBL
ZINC_676,0.291355299,Random Forest,ChEMBL
ZINC_506,0.288396805,Random Forest,ChEMBL
ZINC_594,0.288394155,Random Forest,ChEMBL
ZINC_403,0.286821809,Random Forest,ChEMBL
ZINC_537,0.283938648,Random Forest,ChEMBL
ZINC_441,0.283906466,Random Forest,ChEMBL
ZINC_123,0.283380357,Random Forest,ChEMBL
ZINC_158,0.282511015,Random Forest,ChEMBL
ZINC_5,0.282383395,Random Forest,ChEMBL
ZINC_670,0.281422156,Random Forest,ChEMBL
ZINC_314,0.280961972,Random Forest,ChEMBL
ZINC_385,0.280126302,Random Forest,ChEMBL
ZINC_44,0.280025578,Random Forest,ChEMBL
ZINC_845,0.279645204,Random Forest,ChEMBL
ZINC_304,0.277927386,Random Forest,ChEMBL
ZINC_22,0.277392803,Random Forest,ChEMBL
ZINC_129,0.277175898,Random Forest,ChEMBL
ZINC_167,0.276083612,Random Forest,ChEMBL
ZINC_477,0.274126102,Random Forest,ChEMBL
ZINC_195,0.274109863,Random Forest,ChEMBL
ZINC_173,0.27369435,Random Forest,ChEMBL
ZINC_222,0.273559985,Random Forest,ChEMBL
ZINC_521,0.273439314,Random Forest,ChEMBL
ZINC_948,0.27282969,Random Forest,ChEMBL
ZINC_389,0.272743242,Random Forest,ChEMBL
ZINC_721,0.272261328,Random Forest,ChEMBL
ZINC_16,0.271955463,Random Forest,ChEMBL
ZINC_766,0.269614275,Random Forest,ChEMBL
ZINC_767,0.269444562,Random Forest,ChEMBL
ZINC_37,0.268789022,Random Forest,ChEMBL
ZINC_251,0.268170008,Random Forest,ChEMBL
ZINC_160,0.266261069,Random Forest,ChEMBL
ZINC_505,0.266057433,Random Forest,ChEMBL
ZINC_219,0.265904752,Random Forest,ChEMBL
ZINC_357,0.265784302,Random Forest,ChEMBL
ZINC_315,0.265348272,Random Forest,ChEMBL
ZINC_736,0.265244484,Random Forest,ChEMBL
ZINC_784,0.265152294,Random Forest,ChEMBL
ZINC_672,0.264106613,Random Forest,ChEMBL
ZINC_246,0.263970142,Random Forest,ChEMBL
ZINC_172,0.263230877,Random Forest,ChEMBL
ZINC_465,0.260609906,Random Forest,ChEMBL
ZINC_245,0.259365909,Random Forest,ChEMBL
ZINC_29,0.258581633,Random Forest,ChEMBL
ZINC_405,0.257868078,Random Forest,ChEMBL
ZINC_318,0.257673368,Random Forest,ChEMBL
ZINC_64,0.257524377,Random Forest,ChEMBL
ZINC_65,0.257524377,Random Forest,ChEMBL
ZINC_168,0.25635468,Random Forest,ChEMBL
ZINC_97,0.256307598,Random Forest,ChEMBL
ZINC_514,0.255488794,Random Forest,ChEMBL
ZINC_699,0.255082982,Random Forest,ChEMBL
ZINC_525,0.255015946,Random Forest,ChEMBL
ZINC_644,0.25500562,Random Forest,ChEMBL
ZINC_358,0.254979784,Random Forest,ChEMBL
ZINC_146,0.254703479,Random Forest,ChEMBL
ZINC_700,0.253803201,Random Forest,ChEMBL
ZINC_400,0.253097221,Random Forest,ChEMBL
ZINC_174,0.252405688,Random Forest,ChEMBL
ZINC_552,0.251510101,Random Forest,ChEMBL
ZINC_581,0.251240255,Random Forest,ChEMBL
ZINC_165,0.250799,Random Forest,ChEMBL
ZINC_164,0.250111977,Random Forest,ChEMBL
ZINC_482,0.250000863,Random Forest,ChEMBL
ZINC_228,0.24997813,Random Forest,ChEMBL
ZINC_131,0.249783745,Random Forest,ChEMBL
ZINC_169,0.248904358,Random Forest,ChEMBL
ZINC_383,0.248891719,Random Forest,ChEMBL
ZINC_597,0.248845614,Random Forest,ChEMBL
ZINC_375,0.248609802,Random Forest,ChEMBL
ZINC_732,0.248314594,Random Forest,ChEMBL
ZINC_380,0.247884301,Random Forest,ChEMBL
ZINC_748,0.247883797,Random Forest,ChEMBL
ZINC_630,0.247587505,Random Forest,ChEMBL
ZINC_905,0.247519179,Random Forest,ChEMBL
ZINC_378,0.247510968,Random Forest,ChEMBL
ZINC_592,0.246412519,Random Forest,ChEMBL
ZINC_613,0.245909174,Random Forest,ChEMBL
ZINC_398,0.245679899,Random Forest,ChEMBL
ZINC_708,0.245291397,Random Forest,ChEMBL
ZINC_712,0.243899618,Random Forest,ChEMBL
ZINC_396,0.243726723,Random Forest,ChEMBL
ZINC_538,0.242651839,Random Forest,ChEMBL
ZINC_603,0.242190447,Random Forest,ChEMBL
ZINC_622,0.242069507,Random Forest,ChEMBL
ZINC_555,0.241623747,Random Forest,ChEMBL
ZINC_801,0.241306313,Random Forest,ChEMBL
ZINC_301,0.241165677,Random Forest,ChEMBL
ZINC_498,0.240588067,Random Forest,ChEMBL
ZINC_157,0.239910557,Random Forest,ChEMBL
ZINC_180,0.239566298,Random Forest,ChEMBL
ZINC_460,0.23927842,Random Forest,ChEMBL
ZINC_223,0.239133185,Random Forest,ChEMBL
ZINC_214,0.23845157,Random Forest,ChEMBL
ZINC_232,0.238443481,Random Forest,ChEMBL
ZINC_175,0.238170303,Random Forest,ChEMBL
ZINC_942,0.238043752,Random Forest,ChEMBL
ZINC_939,0.237948559,Random Forest,ChEMBL
ZINC_365,0.236788165,Random Forest,ChEMBL
ZINC_193,0.236656477,Random Forest,ChEMBL
ZINC_740,0.236446246,Random Forest,ChEMBL
ZINC_491,0.236242116,Random Forest,ChEMBL
ZINC_501,0.235198465,Random Forest,ChEMBL
ZINC_302,0.235063928,Random Forest,ChEMBL
ZINC_562,0.234844933,Random Forest,ChEMBL
ZINC_208,0.234774977,Random Forest,ChEMBL
ZINC_105,0.234734524,Random Forest,ChEMBL
ZINC_106,0.234734524,Random Forest,ChEMBL
ZINC_382,0.234572874,Random Forest,ChEMBL
ZINC_203,0.234481152,Random Forest,ChEMBL
ZINC_512,0.233412248,Random Forest,ChEMBL
ZINC_91,0.232098279,Random Forest,ChEMBL
ZINC_487,0.231499737,Random Forest,ChEMBL
ZINC_404,0.231217064,Random Forest,ChEMBL
ZINC_646,0.230957117,Random Forest,ChEMBL
ZINC_391,0.230882006,Random Forest,ChEMBL
ZINC_781,0.230493605,Random Forest,ChEMBL
ZINC_280,0.230285593,Random Forest,ChEMBL
ZINC_300,0.229616448,Random Forest,ChEMBL
ZINC_571,0.229226368,Random Forest,ChEMBL
ZINC_605,0.228968726,Random Forest,ChEMBL
ZINC_294,0.228968586,Random Forest,ChEMBL
ZINC_163,0.228759331,Random Forest,ChEMBL
ZINC_760,0.228681327,Random Forest,ChEMBL
ZINC_374,0.228662817,Random Forest,ChEMBL
ZINC_944,0.228495735,Random Forest,ChEMBL
ZINC_761,0.227209417,Random Forest,ChEMBL
ZINC_579,0.227114612,Random Forest,ChEMBL
ZINC_271,0.226973373,Random Forest,ChEMBL
ZINC_28,0.22527755,Random Forest,ChEMBL
ZINC_215,0.224982957,Random Forest,ChEMBL
ZINC_456,0.224780627,Random Forest,ChEMBL
ZINC_332,0.224086016,Random Forest,ChEMBL
ZINC_185,0.22401905,Random Forest,ChEMBL
ZINC_96,0.223996615,Random Forest,ChEMBL
ZINC_536,0.223582796,Random Forest,ChEMBL
ZINC_904,0.22341012,Random Forest,ChEMBL
ZINC_76,0.223107047,Random Forest,ChEMBL
ZINC_777,0.222921931,Random Forest,ChEMBL
ZINC_15,0.222843323,Random Forest,ChEMBL
ZINC_284,0.22269349,Random Forest,ChEMBL
ZINC_535,0.222536548,Random Forest,ChEMBL
ZINC_99,0.221344246,Random Forest,ChEMBL
ZINC_652,0.221322351,Random Forest,ChEMBL
ZINC_529,0.221272693,Random Forest,ChEMBL
ZINC_834,0.220504734,Random Forest,ChEMBL
ZINC_791,0.220102782,Random Forest,ChEMBL
ZINC_854,0.219840263,Random Forest,ChEMBL
ZINC_631,0.219205649,Random Forest,ChEMBL
ZINC_238,0.219119202,Random Forest,ChEMBL
ZINC_561,0.218942429,Random Forest,ChEMBL
ZINC_797,0.218913724,Random Forest,ChEMBL
ZINC_609,0.218857851,Random Forest,ChEMBL
ZINC_724,0.218404296,Random Forest,ChEMBL
ZINC_873,0.217912994,Random Forest,ChEMBL
ZINC_976,0.217671787,Random Forest,ChEMBL
ZINC_102,0.217358831,Random Forest,ChEMBL
ZINC_182,0.216219259,Random Forest,ChEMBL
ZINC_483,0.216160082,Random Forest,ChEMBL
ZINC_969,0.216049597,Random Forest,ChEMBL
ZINC_459,0.216009552,Random Forest,ChEMBL
ZINC_502,0.21549032,Random Forest,ChEMBL
ZINC_336,0.215404493,Random Forest,ChEMBL
ZINC_13,0.215353869,Random Forest,ChEMBL
ZINC_963,0.215022642,Random Forest,ChEMBL
ZINC_653,0.215013934,Random Forest,ChEMBL
ZINC_59,0.214784487,Random Forest,ChEMBL
ZINC_201,0.214574567,Random Forest,ChEMBL
ZINC_822,0.214372022,Random Forest,ChEMBL
ZINC_709,0.213841123,Random Forest,ChEMBL
ZINC_292,0.213038323,Random Forest,ChEMBL
ZINC_293,0.213038323,Random Forest,ChEMBL
ZINC_651,0.212721025,Random Forest,ChEMBL
ZINC_470,0.212633462,Random Forest,ChEMBL
ZINC_532,0.212061342,Random Forest,ChEMBL
ZINC_155,0.21148328,Random Forest,ChEMBL
ZINC_921,0.210930075,Random Forest,ChEMBL
ZINC_156,0.210692961,Random Forest,ChEMBL
ZINC_94,0.210586999,Random Forest,ChEMBL
ZINC_752,0.210584908,Random Forest,ChEMBL
ZINC_528,0.210355122,Random Forest,ChEMBL
ZINC_933,0.210068972,Random Forest,ChEMBL
ZINC_95,0.209558827,Random Forest,ChEMBL
ZINC_440,0.209490928,Random Forest,ChEMBL
ZINC_577,0.209490605,Random Forest,ChEMBL
ZINC_841,0.209127303,Random Forest,ChEMBL
ZINC_344,0.208757926,Random Forest,ChEMBL
ZINC_600,0.20860617,Random Forest,ChEMBL
ZINC_434,0.208053809,Random Forest,ChEMBL
ZINC_296,0.207682206,Random Forest,ChEMBL
ZINC_297,0.207682206,Random Forest,ChEMBL
ZINC_671,0.207639257,Random Forest,ChEMBL
ZINC_202,0.207588929,Random Forest,ChEMBL
ZINC_485,0.207423674,Random Forest,ChEMBL
ZINC_989,0.206957442,Random Forest,ChEMBL
ZINC_567,0.206786623,Random Forest,ChEMBL
ZINC_985,0.206785472,Random Forest,ChEMBL
ZINC_14,0.206780826,Random Forest,ChEMBL
ZINC_615,0.206524915,Random Forest,ChEMBL
ZINC_276,0.206340084,Random Forest,ChEMBL
ZINC_359,0.205872797,Random Forest,ChEMBL
ZINC_140,0.205626765,Random Forest,ChEMBL
ZINC_785,0.205238527,Random Forest,ChEMBL
ZINC_780,0.205204005,Random Forest,ChEMBL
ZINC_908,0.204712546,Random Forest,ChEMBL
ZINC_569,0.204654411,Random Forest,ChEMBL
ZINC_697,0.204347595,Random Forest,ChEMBL
ZINC_26,0.20392888,Random Forest,ChEMBL
ZINC_454,0.203642594,Random Forest,ChEMBL
ZINC_620,0.203587212,Random Forest,ChEMBL
ZINC_539,0.203220745,Random Forest,ChEMBL
ZINC_230,0.202573167,Random Forest,ChEMBL
ZINC_320,0.202365742,Random Forest,ChEMBL
ZINC_757,0.201895613,Random Forest,ChEMBL
ZINC_3,0.201817182,Random Forest,ChEMBL
ZINC_439,0.201755047,Random Forest,ChEMBL
ZINC_379,0.201738553,Random Forest,ChEMBL
ZINC_575,0.20172767,Random Forest,ChEMBL
ZINC_663,0.201322346,Random Forest,ChEMBL
ZINC_133,0.20111166,Random Forest,ChEMBL
ZINC_476,0.200185479,Random Forest,ChEMBL
ZINC_187,0.200085339,Random Forest,ChEMBL
ZINC_188,0.20006502,Random Forest,ChEMBL
ZINC_825,0.199973763,Random Forest,ChEMBL
ZINC_713,0.199567399,Random Forest,ChEMBL
ZINC_649,0.199261781,Random Forest,ChEMBL
ZINC_119,0.199113529,Random Forest,ChEMBL
ZINC_479,0.198765441,Random Forest,ChEMBL
ZINC_376,0.198586814,Random Forest,ChEMBL
ZINC_90,0.198335425,Random Forest,ChEMBL
ZINC_692,0.197707019,Random Forest,ChEMBL
ZINC_928,0.197585581,Random Forest,ChEMBL
ZINC_354,0.197394173,Random Forest,ChEMBL
ZINC_252,0.19672957,Random Forest,ChEMBL
ZINC_863,0.196634736,Random Forest,ChEMBL
ZINC_719,0.196625015,Random Forest,ChEMBL
ZINC_596,0.196421751,Random Forest,ChEMBL
ZINC_688,0.19635605,Random Forest,ChEMBL
ZINC_399,0.196302971,Random Forest,ChEMBL
ZINC_142,0.19583444,Random Forest,ChEMBL
ZINC_681,0.195675242,Random Forest,ChEMBL
ZINC_171,0.195591905,Random Forest,ChEMBL
ZINC_741,0.195437743,Random Forest,ChEMBL
ZINC_189,0.195353881,Random Forest,ChEMBL
ZINC_673,0.195182163,Random Forest,ChEMBL
ZINC_253,0.195083989,Random Forest,ChEMBL
ZINC_914,0.195056134,Random Forest,ChEMBL
ZINC_437,0.194968826,Random Forest,ChEMBL
ZINC_480,0.194891995,Random Forest,ChEMBL
ZINC_333,0.194854585,Random Forest,ChEMBL
ZINC_98,0.194717344,Random Forest,ChEMBL
ZINC_392,0.194702565,Random Forest,ChEMBL
ZINC_489,0.19430412,Random Forest,ChEMBL
ZINC_34,0.193759917,Random Forest,ChEMBL
ZINC_350,0.193734034,Random Forest,ChEMBL
ZINC_883,0.193311891,Random Forest,ChEMBL
ZINC_590,0.193169275,Random Forest,ChEMBL
ZINC_194,0.192742832,Random Forest,ChEMBL
ZINC_46,0.192723473,Random Forest,ChEMBL
ZINC_112,0.192191759,Random Forest,ChEMBL
ZINC_979,0.192188228,Random Forest,ChEMBL
ZINC_586,0.191978818,Random Forest,ChEMBL
ZINC_917,0.191789901,Random Forest,ChEMBL
ZINC_453,0.191708156,Random Forest,ChEMBL
ZINC_998,0.191551761,Random Forest,ChEMBL
ZINC_31,0.191270899,Random Forest,ChEMBL
ZINC_523,0.190922808,Random Forest,ChEMBL
ZINC_990,0.190706061,Random Forest,ChEMBL
ZINC_925,0.189636154,Random Forest,ChEMBL
ZINC_511,0.189604391,Random Forest,ChEMBL
ZINC_1,0.189370557,Random Forest,ChEMBL
ZINC_934,0.189244617,Random Forest,ChEMBL
ZINC_54,0.189042943,Random Forest,ChEMBL
ZINC_611,0.188696491,Random Forest,ChEMBL
ZINC_720,0.18868306,Random Forest,ChEMBL
ZINC_973,0.188587295,Random Forest,ChEMBL
ZINC_935,0.188188676,Random Forest,ChEMBL
ZINC_207,0.188008719,Random Forest,ChEMBL
ZINC_353,0.18798376,Random Forest,ChEMBL
ZINC_855,0.187780823,Random Forest,ChEMBL
ZINC_768,0.187721546,Random Forest,ChEMBL
ZINC_488,0.18721473,Random Forest,ChEMBL
ZINC_589,0.18678037,Random Forest,ChEMBL
ZINC_38,0.186751262,Random Forest,ChEMBL
ZINC_159,0.18646146,Random Forest,ChEMBL
ZINC_593,0.186453329,Random Forest,ChEMBL
ZINC_893,0.186301391,Random Forest,ChEMBL
ZINC_584,0.186171681,Random Forest,ChEMBL
ZINC_63,0.186151956,Random Forest,ChEMBL
ZINC_447,0.186050152,Random Forest,ChEMBL
ZINC_162,0.185557816,Random Forest,ChEMBL
ZINC_607,0.185519552,Random Forest,ChEMBL
ZINC_658,0.185280308,Random Forest,ChEMBL
ZINC_582,0.185015166,Random Forest,ChEMBL
ZINC_210,0.184839097,Random Forest,ChEMBL
ZINC_74,0.184820807,Random Forest,ChEMBL
ZINC_75,0.184820807,Random Forest,ChEMBL
ZINC_89,0.184658966,Random Forest,ChEMBL
ZINC_397,0.18432148,Random Forest,ChEMBL
ZINC_717,0.184131867,Random Forest,ChEMBL
ZINC_330,0.183732237,Random Forest,ChEMBL
ZINC_832,0.183730454,Random Forest,ChEMBL
ZINC_124,0.183550823,Random Forest,ChEMBL
ZINC_306,0.183266845,Random Forest,ChEMBL
ZINC_494,0.183137874,Random Forest,ChEMBL
ZINC_496,0.182672605,Random Forest,ChEMBL
ZINC_662,0.182553164,Random Forest,ChEMBL
ZINC_134,0.182432633,Random Forest,ChEMBL
ZINC_704,0.181866437,Random Forest,ChEMBL
ZINC_137,0.181702122,Random Forest,ChEMBL
ZINC_472,0.181634694,Random Forest,ChEMBL
ZINC_833,0.181458083,Random Forest,ChEMBL
ZINC_278,0.181296339,Random Forest,ChEMBL
ZINC_793,0.181094713,Random Forest,ChEMBL
ZINC_372,0.180880346,Random Forest,ChEMBL
ZINC_286,0.180625079,Random Forest,ChEMBL
ZINC_679,0.180539054,Random Forest,ChEMBL
ZINC_756,0.179980791,Random Forest,ChEMBL
ZINC_852,0.179826981,Random Forest,ChEMBL
ZINC_93,0.179803998,Random Forest,ChEMBL
ZINC_894,0.179732038,Random Forest,ChEMBL
ZINC_316,0.179288258,Random Forest,ChEMBL
ZINC_610,0.17904438,Random Forest,ChEMBL
ZINC_526,0.178917099,Random Forest,ChEMBL
ZINC_587,0.178806229,Random Forest,ChEMBL
ZINC_492,0.178305443,Random Forest,ChEMBL
ZINC_23,0.178206242,Random Forest,ChEMBL
ZINC_92,0.178183632,Random Forest,ChEMBL
ZINC_987,0.178065819,Random Forest,ChEMBL
ZINC_329,0.177981741,Random Forest,ChEMBL
ZINC_626,0.177819943,Random Forest,ChEMBL
ZINC_424,0.177629587,Random Forest,ChEMBL
ZINC_965,0.177136811,Random Forest,ChEMBL
ZINC_715,0.176977605,Random Forest,ChEMBL
ZINC_602,0.176298389,Random Forest,ChEMBL
ZINC_946,0.175877572,Random Forest,ChEMBL
ZINC_910,0.175678341,Random Forest,ChEMBL
ZINC_650,0.175675842,Random Forest,ChEMBL
ZINC_495,0.17522482,Random Forest,ChEMBL
ZINC_11,0.175058321,Random Forest,ChEMBL
ZINC_181,0.174750907,Random Forest,ChEMBL
ZINC_943,0.174065968,Random Forest,ChEMBL
ZINC_731,0.173413386,Random Forest,ChEMBL
ZINC_677,0.173192348,Random Forest,ChEMBL
ZINC_128,0.172977476,Random Forest,ChEMBL
ZINC_510,0.172928914,Random Forest,ChEMBL
ZINC_364,0.172677274,Random Forest,ChEMBL
ZINC_386,0.172503673,Random Forest,ChEMBL
ZINC_772,0.172502264,Random Forest,ChEMBL
ZINC_984,0.172462369,Random Forest,ChEMBL
ZINC_664,0.172419111,Random Forest,ChEMBL
ZINC_923,0.172388067,Random Forest,ChEMBL
ZINC_961,0.172374278,Random Forest,ChEMBL
ZINC_701,0.172260632,Random Forest,ChEMBL
ZINC_680,0.171686535,Random Forest,ChEMBL
ZINC_206,0.171444091,Random Forest,ChEMBL
ZINC_648,0.171408799,Random Forest,ChEMBL
ZINC_154,0.171398895,Random Forest,ChEMBL
ZINC_334,0.17102008,Random Forest,ChEMBL
ZINC_326,0.170690773,Random Forest,ChEMBL
ZINC_716,0.170501034,Random Forest,ChEMBL
ZINC_490,0.170429708,Random Forest,ChEMBL
ZINC_981,0.170345195,Random Forest,ChEMBL
ZINC_50,0.170275762,Random Forest,ChEMBL
ZINC_66,0.170089539,Random Forest,ChEMBL
ZINC_192,0.169913218,Random Forest,ChEMBL
ZINC_826,0.169757544,Random Forest,ChEMBL
ZINC_7,0.169683858,Random Forest,ChEMBL
ZINC_457,0.169676056,Random Forest,ChEMBL
ZINC_617,0.169645417,Random Forest,ChEMBL
ZINC_889,0.169633552,Random Forest,ChEMBL
ZINC_303,0.169621537,Random Forest,ChEMBL
ZINC_549,0.169553734,Random Forest,ChEMBL
ZINC_4,0.168849942,Random Forest,ChEMBL
ZINC_598,0.168677205,Random Forest,ChEMBL
ZINC_550,0.168236484,Random Forest,ChEMBL
ZINC_265,0.168197068,Random Forest,ChEMBL
ZINC_509,0.168177308,Random Forest,ChEMBL
ZINC_455,0.168153706,Random Forest,ChEMBL
ZINC_339,0.168100116,Random Forest,ChEMBL
ZINC_789,0.167938249,Random Forest,ChEMBL
ZINC_508,0.167871125,Random Forest,ChEMBL
ZINC_616,0.16768428,Random Forest,ChEMBL
ZINC_570,0.167377808,Random Forest,ChEMBL
ZINC_880,0.167339653,Random Forest,ChEMBL
ZINC_438,0.16728416,Random Forest,ChEMBL
ZINC_362,0.167274779,Random Forest,ChEMBL
ZINC_484,0.167158205,Random Forest,ChEMBL
ZINC_421,0.166906527,Random Forest,ChEMBL
ZINC_84,0.166817772,Random Forest,ChEMBL
ZINC_285,0.166788497,Random Forest,ChEMBL
ZINC_520,0.166749753,Random Forest,ChEMBL
ZINC_585,0.166702738,Random Forest,ChEMBL
ZINC_244,0.165913334,Random Forest,ChEMBL
ZINC_820,0.165901053,Random Forest,ChEMBL
ZINC_121,0.165884815,Random Forest,ChEMBL
ZINC_100,0.165340855,Random Forest,ChEMBL
ZINC_518,0.165280565,Random Forest,ChEMBL
ZINC_668,0.165143989,Random Forest,ChEMBL
ZINC_184,0.16513629,Random Forest,ChEMBL
ZINC_859,0.165001192,Random Forest,ChEMBL
ZINC_850,0.164868223,Random Forest,ChEMBL
ZINC_240,0.164711915,Random Forest,ChEMBL
ZINC_118,0.16449182,Random Forest,ChEMBL
ZINC_144,0.164077666,Random Forest,ChEMBL
ZINC_682,0.163722758,Random Forest,ChEMBL
ZINC_742,0.163547417,Random Forest,ChEMBL
ZINC_645,0.163540228,Random Forest,ChEMBL
ZINC_634,0.163480073,Random Forest,ChEMBL
ZINC_986,0.163195847,Random Forest,ChEMBL
ZINC_313,0.162948742,Random Forest,ChEMBL
ZINC_295,0.162599916,Random Forest,ChEMBL
ZINC_734,0.162574695,Random Forest,ChEMBL
ZINC_433,0.162436934,Random Forest,ChEMBL
ZINC_806,0.16239205,Random Forest,ChEMBL
ZINC_573,0.162382316,Random Forest,ChEMBL
ZINC_787,0.162304153,Random Forest,ChEMBL
ZINC_827,0.162300207,Random Forest,ChEMBL
ZINC_522,0.162201387,Random Forest,ChEMBL
ZINC_40,0.162073987,Random Forest,ChEMBL
ZINC_170,0.162011754,Random Forest,ChEMBL
ZINC_674,0.161929605,Random Forest,ChEMBL
ZINC_572,0.161912136,Random Forest,ChEMBL
ZINC_312,0.16166108,Random Forest,ChEMBL
ZINC_755,0.16163833,Random Forest,ChEMBL
ZINC_264,0.161543026,Random Forest,ChEMBL
ZINC_430,0.161470276,Random Forest,ChEMBL
ZINC_540,0.161227017,Random Forest,ChEMBL
ZINC_844,0.161174209,Random Forest,ChEMBL
ZINC_212,0.161051109,Random Forest,ChEMBL
ZINC_71,0.160727454,Random Forest,ChEMBL
ZINC_255,0.16056398,Random Forest,ChEMBL
ZINC_898,0.160417906,Random Forest,ChEMBL
ZINC_899,0.160417906,Random Forest,ChEMBL
ZINC_309,0.160372616,Random Forest,ChEMBL
ZINC_461,0.159936718,Random Forest,ChEMBL
ZINC_800,0.15983679,Random Forest,ChEMBL
ZINC_828,0.159797388,Random Forest,ChEMBL
ZINC_420,0.159781853,Random Forest,ChEMBL
ZINC_493,0.159781853,Random Forest,ChEMBL
ZINC_919,0.159763556,Random Forest,ChEMBL
ZINC_406,0.159590654,Random Forest,ChEMBL
ZINC_426,0.158978228,Random Forest,ChEMBL
ZINC_61,0.158791275,Random Forest,ChEMBL
ZINC_693,0.158415019,Random Forest,ChEMBL
ZINC_722,0.158233823,Random Forest,ChEMBL
ZINC_343,0.158022118,Random Forest,ChEMBL
ZINC_266,0.15793663,Random Forest,ChEMBL
ZINC_363,0.157908863,Random Forest,ChEMBL
ZINC_139,0.157695073,Random Forest,ChEMBL
ZINC_686,0.157499977,Random Forest,ChEMBL
ZINC_792,0.157175775,Random Forest,ChEMBL
ZINC_639,0.156767124,Random Forest,ChEMBL
ZINC_143,0.156724828,Random Forest,ChEMBL
ZINC_911,0.156646698,Random Forest,ChEMBL
ZINC_788,0.156539191,Random Forest,ChEMBL
ZINC_6,0.156528434,Random Forest,ChEMBL
ZINC_250,0.156508785,Random Forest,ChEMBL
ZINC_88,0.156428775,Random Forest,ChEMBL
ZINC_42,0.155957127,Random Forest,ChEMBL
ZINC_43,0.155957127,Random Forest,ChEMBL
ZINC_517,0.155853609,Random Forest,ChEMBL
ZINC_619,0.155824581,Random Forest,ChEMBL
ZINC_869,0.155481802,Random Forest,ChEMBL
ZINC_696,0.155350096,Random Forest,ChEMBL
ZINC_371,0.154961158,Random Forest,ChEMBL
ZINC_632,0.15492453,Random Forest,ChEMBL
ZINC_325,0.154526261,Random Forest,ChEMBL
ZINC_321,0.154357255,Random Forest,ChEMBL
ZINC_282,0.154239962,Random Forest,ChEMBL
ZINC_233,0.154221583,Random Forest,ChEMBL
ZINC_21,0.154134996,Random Forest,ChEMBL
ZINC_45,0.153835053,Random Forest,ChEMBL
ZINC_903,0.153796106,Random Forest,ChEMBL
ZINC_231,0.153707561,Random Forest,ChEMBL
ZINC_940,0.153612467,Random Forest,ChEMBL
ZINC_641,0.153543359,Random Forest,ChEMBL
ZINC_691,0.153389883,Random Forest,ChEMBL
ZINC_746,0.15333005,Random Forest,ChEMBL
ZINC_563,0.153191933,Random Forest,ChEMBL
ZINC_799,0.153163747,Random Forest,ChEMBL
ZINC_574,0.152803906,Random Forest,ChEMBL
ZINC_141,0.152577122,Random Forest,ChEMBL
ZINC_263,0.152536247,Random Forest,ChEMBL
ZINC_727,0.152469323,Random Forest,ChEMBL
ZINC_633,0.152091905,Random Forest,ChEMBL
ZINC_947,0.151871846,Random Forest,ChEMBL
ZINC_360,0.151556272,Random Forest,ChEMBL
ZINC_275,0.151434755,Random Forest,ChEMBL
ZINC_901,0.151417522,Random Forest,ChEMBL
ZINC_703,0.15119627,Random Forest,ChEMBL
ZINC_771,0.15119627,Random Forest,ChEMBL
ZINC_689,0.151120269,Random Forest,ChEMBL
ZINC_500,0.151076586,Random Forest,ChEMBL
ZINC_394,0.150795133,Random Forest,ChEMBL
ZINC_636,0.150681084,Random Forest,ChEMBL
ZINC_445,0.150475878,Random Forest,ChEMBL
ZINC_298,0.150327146,Random Forest,ChEMBL
ZINC_683,0.150314234,Random Forest,ChEMBL
ZINC_237,0.150214112,Random Forest,ChEMBL
ZINC_608,0.150152811,Random Forest,ChEMBL
ZINC_669,0.150125043,Random Forest,ChEMBL
ZINC_542,0.15000881,Random Forest,ChEMBL
ZINC_714,0.149674301,Random Forest,ChEMBL
ZINC_876,0.148958913,Random Forest,ChEMBL
ZINC_247,0.148737149,Random Forest,ChEMBL
ZINC_770,0.148563799,Random Forest,ChEMBL
ZINC_733,0.148390498,Random Forest,ChEMBL
ZINC_227,0.148281287,Random Forest,ChEMBL
ZINC_218,0.148225639,Random Forest,ChEMBL
ZINC_774,0.148212797,Random Forest,ChEMBL
ZINC_816,0.148087724,Random Forest,ChEMBL
ZINC_229,0.148072901,Random Forest,ChEMBL
ZINC_471,0.147491292,Random Forest,ChEMBL
ZINC_449,0.147360515,Random Forest,ChEMBL
ZINC_711,0.147297875,Random Forest,ChEMBL
ZINC_466,0.147249392,Random Forest,ChEMBL
ZINC_737,0.147171589,Random Forest,ChEMBL
ZINC_661,0.146838925,Random Forest,ChEMBL
ZINC_486,0.146809719,Random Forest,ChEMBL
ZINC_450,0.146784491,Random Forest,ChEMBL
ZINC_775,0.146543767,Random Forest,ChEMBL
ZINC_560,0.146527884,Random Forest,ChEMBL
ZINC_377,0.146347671,Random Forest,ChEMBL
ZINC_897,0.146187518,Random Forest,ChEMBL
ZINC_906,0.146131508,Random Forest,ChEMBL
ZINC_907,0.146131508,Random Forest,ChEMBL
ZINC_177,0.146099477,Random Forest,ChEMBL
ZINC_481,0.145923324,Random Forest,ChEMBL
ZINC_678,0.145818167,Random Forest,ChEMBL
ZINC_568,0.145789324,Random Forest,ChEMBL
ZINC_544,0.14577877,Random Forest,ChEMBL
ZINC_448,0.145776246,Random Forest,ChEMBL
ZINC_718,0.14565566,Random Forest,ChEMBL
ZINC_580,0.145365887,Random Forest,ChEMBL
ZINC_384,0.14523899,Random Forest,ChEMBL
ZINC_839,0.145218322,Random Forest,ChEMBL
ZINC_970,0.145123072,Random Forest,ChEMBL
ZINC_534,0.144857687,Random Forest,ChEMBL
ZINC_824,0.144703128,Random Forest,ChEMBL
ZINC_199,0.144341988,Random Forest,ChEMBL
ZINC_802,0.144175298,Random Forest,ChEMBL
ZINC_759,0.1438341,Random Forest,ChEMBL
ZINC_393,0.143706583,Random Forest,ChEMBL
ZINC_953,0.143540501,Random Forest,ChEMBL
ZINC_132,0.143437161,Random Forest,ChEMBL
ZINC_968,0.1433625,Random Forest,ChEMBL
ZINC_17,0.143119441,Random Forest,ChEMBL
ZINC_18,0.143119441,Random Forest,ChEMBL
ZINC_401,0.143028955,Random Forest,ChEMBL
ZINC_915,0.142926372,Random Forest,ChEMBL
ZINC_83,0.14284381,Random Forest,ChEMBL
ZINC_747,0.142757796,Random Forest,ChEMBL
ZINC_48,0.142625973,Random Forest,ChEMBL
ZINC_216,0.142425578,Random Forest,ChEMBL
ZINC_887,0.142310048,Random Forest,ChEMBL
ZINC_414,0.142302917,Random Forest,ChEMBL
ZINC_977,0.141992769,Random Forest,ChEMBL
ZINC_604,0.14190053,Random Forest,ChEMBL
ZINC_468,0.141814887,Random Forest,ChEMBL
ZINC_369,0.141690333,Random Forest,ChEMBL
ZINC_926,0.141567672,Random Forest,ChEMBL
ZINC_452,0.141493667,Random Forest,ChEMBL
ZINC_992,0.141488018,Random Forest,ChEMBL
ZINC_655,0.141484034,Random Forest,ChEMBL
ZINC_347,0.141411113,Random Forest,ChEMBL
ZINC_938,0.141371211,Random Forest,ChEMBL
ZINC_725,0.141370111,Random Forest,ChEMBL
ZINC_239,0.141342873,Random Forest,ChEMBL
ZINC_474,0.141092837,Random Forest,ChEMBL
ZINC_530,0.141049553,Random Forest,ChEMBL
ZINC_666,0.14069998,Random Forest,ChEMBL
ZINC_69,0.140401,Random Forest,ChEMBL
ZINC_416,0.140069658,Random Forest,ChEMBL
ZINC_621,0.140031215,Random Forest,ChEMBL
ZINC_675,0.140009777,Random Forest,ChEMBL
ZINC_858,0.140007678,Random Forest,ChEMBL
ZINC_388,0.139499389,Random Forest,ChEMBL
ZINC_955,0.139162439,Random Forest,ChEMBL
ZINC_954,0.139150558,Random Forest,ChEMBL
ZINC_32,0.139130578,Random Forest,ChEMBL
ZINC_559,0.139035413,Random Forest,ChEMBL
ZINC_999,0.138947996,Random Forest,ChEMBL
ZINC_842,0.138864013,Random Forest,ChEMBL
ZINC_12,0.138834058,Random Forest,ChEMBL
ZINC_564,0.138629051,Random Forest,ChEMBL
ZINC_964,0.138480752,Random Forest,ChEMBL
ZINC_762,0.138430993,Random Forest,ChEMBL
ZINC_578,0.138405321,Random Forest,ChEMBL
ZINC_127,0.138147926,Random Forest,ChEMBL
ZINC_418,0.138146882,Random Forest,ChEMBL
ZINC_695,0.13813615,Random Forest,ChEMBL
ZINC_618,0.138030556,Random Forest,ChEMBL
ZINC_261,0.137908667,Random Forest,ChEMBL
ZINC_469,0.137798481,Random Forest,ChEMBL
ZINC_647,0.137674797,Random Forest,ChEMBL
ZINC_67,0.137383696,Random Forest,ChEMBL
ZINC_553,0.13738031,Random Forest,ChEMBL
ZINC_601,0.137238996,Random Forest,ChEMBL
ZINC_348,0.137164466,Random Forest,ChEMBL
ZINC_527,0.137003007,Random Forest,ChEMBL
ZINC_983,0.136810517,Random Forest,ChEMBL
ZINC_211,0.136487533,Random Forest,ChEMBL
ZINC_846,0.136177577,Random Forest,ChEMBL
ZINC_58,0.136084843,Random Forest,ChEMBL
ZINC_499,0.135999612,Random Forest,ChEMBL
ZINC_838,0.135901069,Random Forest,ChEMBL
ZINC_922,0.135660004,Random Forest,ChEMBL
ZINC_728,0.13553602,Random Forest,ChEMBL
ZINC_927,0.135445697,Random Forest,ChEMBL
ZINC_967,0.13539145,Random Forest,ChEMBL
ZINC_152,0.135314291,Random Forest,ChEMBL
ZINC_783,0.135191104,Random Forest,ChEMBL
ZINC_519,0.1351836,Random Forest,ChEMBL
ZINC_503,0.135010859,Random Forest,ChEMBL
ZINC_149,0.13494213,Random Forest,ChEMBL
ZINC_830,0.134932789,Random Forest,ChEMBL
ZINC_55,0.134763445,Random Forest,ChEMBL
ZINC_366,0.134594247,Random Forest,ChEMBL
ZINC_702,0.134370244,Random Forest,ChEMBL
ZINC_254,0.134262607,Random Forest,ChEMBL
ZINC_407,0.134247406,Random Forest,ChEMBL
ZINC_866,0.134224353,Random Forest,ChEMBL
ZINC_862,0.133844602,Random Forest,ChEMBL
ZINC_319,0.133520674,Random Forest,ChEMBL
ZINC_773,0.133174458,Random Forest,ChEMBL
ZINC_931,0.132643357,Random Forest,ChEMBL
ZINC_753,0.132390823,Random Forest,ChEMBL
ZINC_110,0.132085024,Random Forest,ChEMBL
ZINC_640,0.132021349,Random Forest,ChEMBL
ZINC_966,0.131325157,Random Forest,ChEMBL
ZINC_558,0.131184145,Random Forest,ChEMBL
ZINC_242,0.131105713,Random Forest,ChEMBL
ZINC_624,0.131084591,Random Forest,ChEMBL
ZINC_51,0.130940854,Random Forest,ChEMBL
ZINC_248,0.130912128,Random Forest,ChEMBL
ZINC_659,0.130667918,Random Forest,ChEMBL
ZINC_33,0.130604599,Random Forest,ChEMBL
ZINC_381,0.130561659,Random Forest,ChEMBL
ZINC_151,0.130522346,Random Forest,ChEMBL
ZINC_53,0.129911957,Random Forest,ChEMBL
ZINC_654,0.129896985,Random Forest,ChEMBL
ZINC_36,0.129892114,Random Forest,ChEMBL
ZINC_744,0.129866553,Random Forest,ChEMBL
ZINC_72,0.129668653,Random Forest,ChEMBL
ZINC_205,0.129395691,Random Forest,ChEMBL
ZINC_971,0.129170814,Random Forest,ChEMBL
ZINC_769,0.129105911,Random Forest,ChEMBL
ZINC_749,0.128883277,Random Forest,ChEMBL
ZINC_956,0.128752189,Random Forest,ChEMBL
ZINC_289,0.128750152,Random Forest,ChEMBL
ZINC_516,0.12864042,Random Forest,ChEMBL
ZINC_857,0.128585255,Random Forest,ChEMBL
ZINC_373,0.128519941,Random Forest,ChEMBL
ZINC_912,0.128346132,Random Forest,ChEMBL
ZINC_291,0.128103876,Random Forest,ChEMBL
ZINC_524,0.128102506,Random Forest,ChEMBL
ZINC_706,0.128065387,Random Forest,ChEMBL
ZINC_795,0.127941056,Random Forest,ChEMBL
ZINC_916,0.127907913,Random Forest,ChEMBL
ZINC_657,0.127584411,Random Forest,ChEMBL
ZINC_690,0.127524116,Random Forest,ChEMBL
ZINC_623,0.127484877,Random Forest,ChEMBL
ZINC_258,0.127359368,Random Forest,ChEMBL
ZINC_813,0.12660878,Random Forest,ChEMBL
ZINC_705,0.126494672,Random Forest,ChEMBL
ZINC_656,0.126280485,Random Forest,ChEMBL
ZINC_431,0.126101487,Random Forest,ChEMBL
ZINC_432,0.126101487,Random Forest,ChEMBL
ZINC_884,0.126015671,Random Forest,ChEMBL
ZINC_122,0.125868533,Random Forest,ChEMBL
ZINC_305,0.125830163,Random Forest,ChEMBL
ZINC_352,0.125604235,Random Forest,ChEMBL
ZINC_342,0.125140195,Random Forest,ChEMBL
ZINC_726,0.124990501,Random Forest,ChEMBL
ZINC_978,0.12496544,Random Forest,ChEMBL
ZINC_798,0.124904862,Random Forest,ChEMBL
ZINC_197,0.124720018,Random Forest,ChEMBL
ZINC_817,0.124546985,Random Forest,ChEMBL
ZINC_473,0.124318753,Random Forest,ChEMBL
ZINC_627,0.124258263,Random Forest,ChEMBL
ZINC_629,0.124247959,Random Forest,ChEMBL
ZINC_9,0.124203971,Random Forest,ChEMBL
ZINC_249,0.124151712,Random Forest,ChEMBL
ZINC_241,0.124053241,Random Forest,ChEMBL
ZINC_423,0.123891754,Random Forest,ChEMBL
ZINC_410,0.123792914,Random Forest,ChEMBL
ZINC_556,0.12333982,Random Forest,ChEMBL
ZINC_879,0.123194838,Random Forest,ChEMBL
ZINC_337,0.122533634,Random Forest,ChEMBL
ZINC_625,0.122431424,Random Forest,ChEMBL
ZINC_941,0.121981758,Random Forest,ChEMBL
ZINC_531,0.121935392,Random Forest,ChEMBL
ZINC_458,0.121893709,Random Forest,ChEMBL
ZINC_109,0.121854211,Random Forest,ChEMBL
ZINC_599,0.121816909,Random Forest,ChEMBL
ZINC_478,0.121740617,Random Forest,ChEMBL
ZINC_638,0.121713429,Random Forest,ChEMBL
ZINC_962,0.121670762,Random Forest,ChEMBL
ZINC_831,0.121657242,Random Forest,ChEMBL
ZINC_874,0.12146225,Random Forest,ChEMBL
ZINC_116,0.121385351,Random Forest,ChEMBL
ZINC_886,0.121366846,Random Forest,ChEMBL
ZINC_595,0.121124412,Random Forest,ChEMBL
ZINC_204,0.121118561,Random Forest,ChEMBL
ZINC_387,0.12105121,Random Forest,ChEMBL
ZINC_875,0.121031059,Random Forest,ChEMBL
ZINC_684,0.120984544,Random Forest,ChEMBL
ZINC_809,0.120823199,Random Forest,ChEMBL
ZINC_79,0.120518625,Random Forest,ChEMBL
ZINC_765,0.120306101,Random Forest,ChEMBL
ZINC_176,0.120305082,Random Forest,ChEMBL
ZINC_758,0.120160002,Random Forest,ChEMBL
ZINC_153,0.119967127,Random Forest,ChEMBL
ZINC_145,0.119393159,Random Forest,ChEMBL
ZINC_467,0.119217859,Random Forest,ChEMBL
ZINC_805,0.118977688,Random Forest,ChEMBL
ZINC_750,0.118904632,Random Forest,ChEMBL
ZINC_836,0.118762368,Random Forest,ChEMBL
ZINC_113,0.118577252,Random Forest,ChEMBL
ZINC_547,0.118388299,Random Forest,ChEMBL
ZINC_698,0.118341777,Random Forest,ChEMBL
ZINC_829,0.118310495,Random Forest,ChEMBL
ZINC_890,0.118033579,Random Forest,ChEMBL
ZINC_78,0.117903852,Random Forest,ChEMBL
ZINC_338,0.117860441,Random Forest,ChEMBL
ZINC_10,0.11780248,Random Forest,ChEMBL
ZINC_730,0.1173368,Random Forest,ChEMBL
ZINC_25,0.11720548,Random Forest,ChEMBL
ZINC_576,0.117096281,Random Forest,ChEMBL
ZINC_73,0.116910647,Random Forest,ChEMBL
ZINC_786,0.11684212,Random Forest,ChEMBL
ZINC_328,0.116582045,Random Forest,ChEMBL
ZINC_39,0.116459898,Random Forest,ChEMBL
ZINC_35,0.115987193,Random Forest,ChEMBL
ZINC_370,0.11567625,Random Forest,ChEMBL
ZINC_710,0.11562513,Random Forest,ChEMBL
ZINC_213,0.115573816,Random Forest,ChEMBL
ZINC_125,0.115257131,Random Forest,ChEMBL
ZINC_308,0.115057871,Random Forest,ChEMBL
ZINC_847,0.114937526,Random Forest,ChEMBL
ZINC_30,0.114899124,Random Forest,ChEMBL
ZINC_80,0.114690505,Random Forest,ChEMBL
ZINC_235,0.114664699,Random Forest,ChEMBL
ZINC_995,0.114478483,Random Forest,ChEMBL
ZINC_665,0.114438676,Random Forest,ChEMBL
ZINC_885,0.11439812,Random Forest,ChEMBL
ZINC_937,0.114291925,Random Forest,ChEMBL
ZINC_148,0.114077694,Random Forest,ChEMBL
ZINC_667,0.113758211,Random Forest,ChEMBL
ZINC_150,0.113686965,Random Forest,ChEMBL
ZINC_763,0.113638413,Random Forest,ChEMBL
ZINC_888,0.113472065,Random Forest,ChEMBL
ZINC_835,0.113166372,Random Forest,ChEMBL
ZINC_606,0.113082522,Random Forest,ChEMBL
ZINC_637,0.112993619,Random Forest,ChEMBL
ZINC_958,0.112823424,Random Forest,ChEMBL
ZINC_408,0.112761221,Random Forest,ChEMBL
ZINC_591,0.112315463,Random Forest,ChEMBL
ZINC_198,0.112224197,Random Forest,ChEMBL
ZINC_463,0.112122334,Random Forest,ChEMBL
ZINC_57,0.112072655,Random Forest,ChEMBL
ZINC_236,0.112039311,Random Forest,ChEMBL
ZINC_307,0.112003807,Random Forest,ChEMBL
ZINC_24,0.111898931,Random Forest,ChEMBL
ZINC_778,0.111881696,Random Forest,ChEMBL
ZINC_557,0.111563193,Random Forest,ChEMBL
ZINC_729,0.111543341,Random Forest,ChEMBL
ZINC_707,0.111421654,Random Forest,ChEMBL
ZINC_415,0.111307982,Random Forest,ChEMBL
ZINC_796,0.111251897,Random Forest,ChEMBL
ZINC_62,0.111246351,Random Forest,ChEMBL
ZINC_340,0.111032835,Random Forest,ChEMBL
ZINC_782,0.110972947,Random Forest,ChEMBL
ZINC_409,0.110635212,Random Forest,ChEMBL
ZINC_178,0.110560024,Random Forest,ChEMBL
ZINC_107,0.110512904,Random Forest,ChEMBL
ZINC_812,0.110446694,Random Forest,ChEMBL
ZINC_997,0.11004294,Random Forest,ChEMBL
ZINC_272,0.109356627,Random Forest,ChEMBL
ZINC_515,0.108959528,Random Forest,ChEMBL
ZINC_345,0.108855696,Random Forest,ChEMBL
ZINC_545,0.108855014,Random Forest,ChEMBL
ZINC_794,0.108652153,Random Forest,ChEMBL
ZINC_930,0.108633829,Random Forest,ChEMBL
ZINC_256,0.108626407,Random Forest,ChEMBL
ZINC_738,0.108377972,Random Forest,ChEMBL
ZINC_507,0.108163567,Random Forest,ChEMBL
ZINC_209,0.107852563,Random Forest,ChEMBL
ZINC_566,0.107835144,Random Forest,ChEMBL
ZINC_583,0.107731938,Random Forest,ChEMBL
ZINC_135,0.107555306,Random Forest,ChEMBL
ZINC_807,0.107175195,Random Forest,ChEMBL
ZINC_864,0.107017609,Random Forest,ChEMBL
ZINC_980,0.106417536,Random Forest,ChEMBL
ZINC_425,0.106378287,Random Forest,ChEMBL
ZINC_541,0.105791279,Random Forest,ChEMBL
ZINC_909,0.105352617,Random Forest,ChEMBL
ZINC_975,0.105144384,Random Forest,ChEMBL
ZINC_281,0.104956823,Random Forest,ChEMBL
ZINC_815,0.104932321,Random Forest,ChEMBL
ZINC_368,0.104888382,Random Forest,ChEMBL
ZINC_840,0.104416052,Random Forest,ChEMBL
ZINC_991,0.104379303,Random Forest,ChEMBL
ZINC_179,0.104344918,Random Forest,ChEMBL
ZINC_346,0.104212885,Random Forest,ChEMBL
ZINC_257,0.103828612,Random Forest,ChEMBL
ZINC_739,0.103820101,Random Forest,ChEMBL
ZINC_588,0.103775867,Random Forest,ChEMBL
ZINC_994,0.103216503,Random Forest,ChEMBL
ZINC_428,0.103205421,Random Forest,ChEMBL
ZINC_390,0.103127319,Random Forest,ChEMBL
ZINC_988,0.103066533,Random Forest,ChEMBL
ZINC_823,0.103035402,Random Forest,ChEMBL
ZINC_814,0.103032099,Random Forest,ChEMBL
ZINC_982,0.102629511,Random Forest,ChEMBL
ZINC_19,0.102493996,Random Forest,ChEMBL
ZINC_811,0.102448519,Random Forest,ChEMBL
ZINC_259,0.102306761,Random Forest,ChEMBL
ZINC_322,0.102274258,Random Forest,ChEMBL
ZINC_764,0.102267955,Random Forest,ChEMBL
ZINC_870,0.10213412,Random Forest,ChEMBL
ZINC_20,0.102117978,Random Forest,ChEMBL
ZINC_849,0.102000731,Random Forest,ChEMBL
ZINC_356,0.101897199,Random Forest,ChEMBL
ZINC_853,0.101599661,Random Forest,ChEMBL
ZINC_871,0.101554922,Random Forest,ChEMBL
ZINC_475,0.101335135,Random Forest,ChEMBL
ZINC_685,0.1013094,Random Forest,ChEMBL
ZINC_183,0.100837134,Random Forest,ChEMBL
ZINC_81,0.100788353,Random Forest,ChEMBL
ZINC_224,0.100038277,Random Forest,ChEMBL
ZINC_225,0.100038277,Random Forest,ChEMBL
ZINC_776,0.099994931,Random Forest,ChEMBL
ZINC_533,0.099790374,Random Forest,ChEMBL
ZINC_936,0.099610514,Random Forest,ChEMBL
ZINC_267,0.099582347,Random Forest,ChEMBL
ZINC_554,0.099439655,Random Forest,ChEMBL
ZINC_277,0.099341911,Random Forest,ChEMBL
ZINC_436,0.09864694,Random Forest,ChEMBL
ZINC_804,0.098559436,Random Forest,ChEMBL
ZINC_138,0.097996695,Random Forest,ChEMBL
ZINC_429,0.097940594,Random Forest,ChEMBL
ZINC_41,0.097744102,Random Forest,ChEMBL
ZINC_848,0.097733215,Random Forest,ChEMBL
ZINC_120,0.097655066,Random Forest,ChEMBL
ZINC_972,0.097575684,Random Forest,ChEMBL
ZINC_996,0.097504735,Random Forest,ChEMBL
ZINC_190,0.097054762,Random Forest,ChEMBL
ZINC_310,0.096831727,Random Forest,ChEMBL
ZINC_861,0.096593355,Random Forest,ChEMBL
ZINC_957,0.096372501,Random Forest,ChEMBL
ZINC_77,0.096263418,Random Forest,ChEMBL
ZINC_628,0.096177841,Random Forest,ChEMBL
ZINC_881,0.095774097,Random Forest,ChEMBL
ZINC_837,0.094888152,Random Forest,ChEMBL
ZINC_443,0.094609521,Random Forest,ChEMBL
ZINC_444,0.094609521,Random Forest,ChEMBL
ZINC_548,0.094420866,Random Forest,ChEMBL
ZINC_565,0.094291894,Random Forest,ChEMBL
ZINC_323,0.094233106,Random Forest,ChEMBL
ZINC_273,0.094103915,Random Forest,ChEMBL
ZINC_513,0.092790345,Random Forest,ChEMBL
ZINC_751,0.092617047,Random Forest,ChEMBL
ZINC_260,0.092606453,Random Forest,ChEMBL
ZINC_614,0.092209327,Random Forest,ChEMBL
ZINC_446,0.09194508,Random Forest,ChEMBL
ZINC_287,0.091040582,Random Forest,ChEMBL
ZINC_808,0.090944336,Random Forest,ChEMBL
ZINC_974,0.090800548,Random Forest,ChEMBL
ZINC_924,0.089602588,Random Forest,ChEMBL
ZINC_283,0.089428356,Random Forest,ChEMBL
ZINC_960,0.089391671,Random Forest,ChEMBL
ZINC_993,0.089032915,Random Forest,ChEMBL
ZINC_299,0.088988304,Random Forest,ChEMBL
ZINC_101,0.088820114,Random Forest,ChEMBL
ZINC_279,0.088813195,Random Forest,ChEMBL
ZINC_200,0.088439877,Random Forest,ChEMBL
ZINC_612,0.088381737,Random Forest,ChEMBL
ZINC_226,0.088335132,Random Forest,ChEMBL
ZINC_790,0.088328306,Random Forest,ChEMBL
ZINC_27,0.088167517,Random Forest,ChEMBL
ZINC_86,0.088144871,Random Forest,ChEMBL
ZINC_464,0.08773975,Random Forest,ChEMBL
ZINC_442,0.087274319,Random Forest,ChEMBL
ZINC_868,0.087270471,Random Forest,ChEMBL
ZINC_551,0.086734831,Random Forest,ChEMBL
ZINC_843,0.086108277,Random Forest,ChEMBL
ZINC_0,0.086013626,Random Forest,ChEMBL
ZINC_810,0.085954535,Random Forest,ChEMBL
ZINC_918,0.085479254,Random Forest,ChEMBL
ZINC_878,0.085011384,Random Forest,ChEMBL
ZINC_191,0.084853544,Random Forest,ChEMBL
ZINC_819,0.084484981,Random Forest,ChEMBL
ZINC_932,0.084109551,Random Forest,ChEMBL
ZINC_856,0.083494186,Random Forest,ChEMBL
ZINC_115,0.082787746,Random Forest,ChEMBL
ZINC_902,0.08238669,Random Forest,ChEMBL
ZINC_68,0.082280973,Random Forest,ChEMBL
ZINC_462,0.082017348,Random Forest,ChEMBL
ZINC_865,0.081633457,Random Forest,ChEMBL
ZINC_851,0.080934758,Random Forest,ChEMBL
ZINC_723,0.080190573,Random Forest,ChEMBL
ZINC_117,0.07970486,Random Forest,ChEMBL
ZINC_147,0.079497347,Random Forest,ChEMBL
ZINC_872,0.078836116,Random Forest,ChEMBL
ZINC_47,0.078824399,Random Forest,ChEMBL
ZINC_70,0.078662099,Random Forest,ChEMBL
ZINC_818,0.078132545,Random Forest,ChEMBL
ZINC_950,0.077737294,Random Forest,ChEMBL
ZINC_543,0.077489013,Random Forest,ChEMBL
ZINC_220,0.077417418,Random Forest,ChEMBL
ZINC_341,0.076923207,Random Forest,ChEMBL
ZINC_877,0.075693211,Random Forest,ChEMBL
ZINC_754,0.07476538,Random Forest,ChEMBL
ZINC_945,0.074679216,Random Forest,ChEMBL
ZINC_435,0.073615096,Random Forest,ChEMBL
ZINC_920,0.073504338,Random Forest,ChEMBL
ZINC_959,0.073377619,Random Forest,ChEMBL
ZINC_892,0.07320023,Random Forest,ChEMBL
ZINC_327,0.071536261,Random Forest,ChEMBL
ZINC_913,0.071218279,Random Forest,ChEMBL
ZINC_860,0.068877071,Random Forest,ChEMBL
ZINC_929,0.068827302,Random Forest,ChEMBL
ZINC_82,0.068125946,Random Forest,ChEMBL
ZINC_951,0.067651358,Random Forest,ChEMBL
ZINC_2,0.067502409,Random Forest,ChEMBL
ZINC_882,0.066798694,Random Forest,ChEMBL
ZINC_269,0.063736959,Random Forest,ChEMBL
ZINC_270,0.063736959,Random Forest,ChEMBL
ZINC_349,0.061933847,Random Forest,ChEMBL
ZINC_900,0.061067259,Random Forest,ChEMBL
ZINC_49,0.060623228,Random Forest,ChEMBL
ZINC_896,0.060259141,Random Forest,ChEMBL
